{
  "access_token": "eyJhbGciOiJIUzI1NiJ9.6kgCPLzyEqH-bkQwGXmwsnu-veYn1_h4LfFQKdVYIyWJzvJ-ho7madTlzrQUvAS_M6ImlfloxhlLST0AFeFziy0tnoA6Dgcc41EWkouzshUa3mUATgfOCnukgTmLkLP4b3RF1W7cT9OzGxw-6b10lA8cpb3wxccJ55BnZCwBbiA.UvVi88gyBJ3VR3tSpFD_Kgpckk5O0nHJe3T68xMBiQQ",
  "token_type": "Bearer",
  "refresh_token": "IthqKiMFfUUOA6tmm8YS",
  "expires_in": 2592000,
  "scope": "openid profile",
  "id_token": {
    "iss": "https://access.line.me",
    "sub": "U8d638d070b2794ac77a08b1e4c15faed",
    "aud": "1656282282",
    "exp": 1691570133,
    "iat": 1691566533,
    "nonce": "d84ad9aa89b6af82ddf684ac6910e5ef2eac543c",
    "amr": ["lineqr"],
    "name": "XXX",
    "picture": "https://profile.line-scdn.net/0m0368a85b72517b0c11a0b0de5788b701dd75a94d1234"
  }
}
