[{"pid":1,"sid":3},{"pid":1,"sid":4},{"pid":1,"sid":1},{"pid":1,"sid":2},{"pid":2,"sid":3},{"pid":3,"sid":3},{"pid":3,"sid":2},{"pid":3,"sid":1},{"pid":4,"sid":2},{"pid":5,"sid":3},{"pid":5,"sid":2},{"pid":5,"sid":4},{"pid":6,"sid":4},{"pid":6,"sid":1},{"pid":6,"sid":3},{"pid":6,"sid":2},{"pid":7,"sid":3},{"pid":7,"sid":2},{"pid":8,"sid":1},{"pid":8,"sid":4},{"pid":8,"sid":2},{"pid":9,"sid":1},{"pid":9,"sid":2},{"pid":9,"sid":3},{"pid":10,"sid":4},{"pid":11,"sid":3},{"pid":11,"sid":2},{"pid":12,"sid":4},{"pid":13,"sid":1},{"pid":13,"sid":2},{"pid":13,"sid":3},{"pid":14,"sid":3},{"pid":14,"sid":4},{"pid":15,"sid":3},{"pid":15,"sid":1},{"pid":16,"sid":1},{"pid":17,"sid":2},{"pid":17,"sid":3},{"pid":18,"sid":4},{"pid":18,"sid":2},{"pid":19,"sid":2},{"pid":20,"sid":1},{"pid":20,"sid":3},{"pid":20,"sid":4},{"pid":21,"sid":2},{"pid":21,"sid":1},{"pid":21,"sid":4},{"pid":21,"sid":3},{"pid":22,"sid":3},{"pid":22,"sid":4},{"pid":23,"sid":2},{"pid":24,"sid":3},{"pid":24,"sid":2},{"pid":25,"sid":1},{"pid":25,"sid":4},{"pid":26,"sid":4},{"pid":27,"sid":2},{"pid":28,"sid":3},{"pid":29,"sid":3},{"pid":29,"sid":4},{"pid":29,"sid":1},{"pid":30,"sid":4},{"pid":30,"sid":2},{"pid":31,"sid":1},{"pid":31,"sid":4},{"pid":31,"sid":2},{"pid":32,"sid":4},{"pid":32,"sid":1},{"pid":32,"sid":2},{"pid":33,"sid":4},{"pid":33,"sid":2},{"pid":33,"sid":3},{"pid":34,"sid":1},{"pid":34,"sid":2},{"pid":34,"sid":3},{"pid":35,"sid":2},{"pid":35,"sid":1},{"pid":35,"sid":4},{"pid":36,"sid":3},{"pid":36,"sid":2},{"pid":36,"sid":4},{"pid":37,"sid":2},{"pid":37,"sid":3},{"pid":37,"sid":4},{"pid":38,"sid":4},{"pid":39,"sid":2},{"pid":40,"sid":4},{"pid":40,"sid":3},{"pid":40,"sid":2},{"pid":40,"sid":1},{"pid":41,"sid":2},{"pid":41,"sid":3},{"pid":41,"sid":1},{"pid":42,"sid":4},{"pid":42,"sid":2},{"pid":43,"sid":1},{"pid":44,"sid":1},{"pid":45,"sid":2},{"pid":45,"sid":3},{"pid":46,"sid":3},{"pid":46,"sid":1},{"pid":46,"sid":4},{"pid":46,"sid":2},{"pid":47,"sid":4},{"pid":47,"sid":3},{"pid":48,"sid":3},{"pid":48,"sid":1},{"pid":49,"sid":1},{"pid":49,"sid":3},{"pid":50,"sid":2},{"pid":50,"sid":3},{"pid":50,"sid":4},{"pid":50,"sid":1},{"pid":51,"sid":3},{"pid":51,"sid":2},{"pid":51,"sid":1},{"pid":52,"sid":3},{"pid":52,"sid":4},{"pid":52,"sid":1},{"pid":52,"sid":2},{"pid":53,"sid":1},{"pid":53,"sid":3},{"pid":53,"sid":4},{"pid":54,"sid":3},{"pid":54,"sid":2},{"pid":54,"sid":4},{"pid":54,"sid":1},{"pid":55,"sid":1},{"pid":55,"sid":3},{"pid":56,"sid":3},{"pid":56,"sid":1},{"pid":56,"sid":2},{"pid":57,"sid":1},{"pid":57,"sid":2},{"pid":57,"sid":4},{"pid":57,"sid":3},{"pid":58,"sid":3},{"pid":58,"sid":2},{"pid":59,"sid":3},{"pid":59,"sid":2},{"pid":60,"sid":2},{"pid":60,"sid":3},{"pid":61,"sid":3},{"pid":62,"sid":1},{"pid":63,"sid":1},{"pid":64,"sid":4},{"pid":64,"sid":3},{"pid":64,"sid":1},{"pid":64,"sid":2},{"pid":65,"sid":1},{"pid":65,"sid":4},{"pid":65,"sid":3},{"pid":65,"sid":2},{"pid":66,"sid":3},{"pid":66,"sid":4},{"pid":66,"sid":2},{"pid":66,"sid":1},{"pid":67,"sid":1},{"pid":67,"sid":2},{"pid":67,"sid":4},{"pid":68,"sid":1},{"pid":68,"sid":2},{"pid":68,"sid":3},{"pid":69,"sid":4},{"pid":69,"sid":3},{"pid":69,"sid":1},{"pid":70,"sid":4},{"pid":71,"sid":4},{"pid":71,"sid":1},{"pid":71,"sid":3},{"pid":72,"sid":4},{"pid":72,"sid":1},{"pid":72,"sid":3},{"pid":72,"sid":2},{"pid":73,"sid":2},{"pid":73,"sid":4},{"pid":74,"sid":2},{"pid":74,"sid":4},{"pid":74,"sid":3},{"pid":75,"sid":3},{"pid":76,"sid":1},{"pid":76,"sid":3},{"pid":76,"sid":4},{"pid":76,"sid":2},{"pid":77,"sid":3},{"pid":77,"sid":2},{"pid":77,"sid":1},{"pid":77,"sid":4},{"pid":78,"sid":1},{"pid":79,"sid":2},{"pid":79,"sid":3},{"pid":79,"sid":1},{"pid":79,"sid":4},{"pid":80,"sid":1},{"pid":80,"sid":3},{"pid":81,"sid":2},{"pid":81,"sid":1},{"pid":81,"sid":3},{"pid":81,"sid":4},{"pid":82,"sid":3},{"pid":82,"sid":4},{"pid":82,"sid":1},{"pid":82,"sid":2},{"pid":83,"sid":2},{"pid":83,"sid":1},{"pid":84,"sid":3},{"pid":84,"sid":4},{"pid":84,"sid":2},{"pid":84,"sid":1},{"pid":85,"sid":2},{"pid":85,"sid":1},{"pid":85,"sid":3},{"pid":85,"sid":4},{"pid":86,"sid":1},{"pid":86,"sid":2},{"pid":86,"sid":4},{"pid":86,"sid":3},{"pid":87,"sid":1},{"pid":87,"sid":2},{"pid":87,"sid":4},{"pid":88,"sid":3},{"pid":89,"sid":3},{"pid":89,"sid":2},{"pid":90,"sid":4},{"pid":91,"sid":2},{"pid":91,"sid":1},{"pid":91,"sid":4},{"pid":92,"sid":3},{"pid":92,"sid":2},{"pid":92,"sid":4},{"pid":92,"sid":1},{"pid":93,"sid":2},{"pid":94,"sid":1},{"pid":94,"sid":3},{"pid":94,"sid":4},{"pid":94,"sid":2},{"pid":95,"sid":2},{"pid":95,"sid":3},{"pid":96,"sid":2},{"pid":96,"sid":4},{"pid":96,"sid":1},{"pid":97,"sid":2},{"pid":97,"sid":3},{"pid":97,"sid":4},{"pid":98,"sid":1},{"pid":98,"sid":2},{"pid":98,"sid":4},{"pid":99,"sid":3},{"pid":99,"sid":2},{"pid":99,"sid":1},{"pid":100,"sid":1},{"pid":100,"sid":2},{"pid":100,"sid":4},{"pid":100,"sid":3},{"pid":101,"sid":4},{"pid":101,"sid":1},{"pid":102,"sid":4},{"pid":102,"sid":2},{"pid":103,"sid":2},{"pid":104,"sid":4},{"pid":104,"sid":1},{"pid":104,"sid":2},{"pid":104,"sid":3},{"pid":105,"sid":3},{"pid":105,"sid":2},{"pid":105,"sid":1},{"pid":106,"sid":3},{"pid":107,"sid":4},{"pid":108,"sid":2},{"pid":108,"sid":4},{"pid":109,"sid":1},{"pid":110,"sid":4},{"pid":110,"sid":3},{"pid":110,"sid":1},{"pid":111,"sid":1},{"pid":111,"sid":2},{"pid":111,"sid":3},{"pid":112,"sid":4},{"pid":112,"sid":2},{"pid":113,"sid":3},{"pid":113,"sid":2},{"pid":113,"sid":4},{"pid":113,"sid":1},{"pid":114,"sid":4},{"pid":115,"sid":3},{"pid":115,"sid":2},{"pid":115,"sid":1},{"pid":115,"sid":4},{"pid":116,"sid":3},{"pid":116,"sid":4},{"pid":116,"sid":2},{"pid":117,"sid":2},{"pid":117,"sid":4},{"pid":117,"sid":1},{"pid":117,"sid":3},{"pid":118,"sid":3},{"pid":119,"sid":2},{"pid":119,"sid":1},{"pid":119,"sid":3},{"pid":120,"sid":4},{"pid":120,"sid":2},{"pid":120,"sid":1},{"pid":121,"sid":1},{"pid":121,"sid":3},{"pid":121,"sid":4},{"pid":121,"sid":2},{"pid":122,"sid":2},{"pid":122,"sid":3},{"pid":122,"sid":4},{"pid":123,"sid":1},{"pid":123,"sid":3},{"pid":124,"sid":2},{"pid":124,"sid":1},{"pid":125,"sid":4},{"pid":125,"sid":3},{"pid":125,"sid":1},{"pid":126,"sid":3},{"pid":126,"sid":4},{"pid":126,"sid":2},{"pid":126,"sid":1},{"pid":127,"sid":1},{"pid":127,"sid":3},{"pid":127,"sid":2},{"pid":127,"sid":4},{"pid":128,"sid":3},{"pid":128,"sid":4},{"pid":128,"sid":1},{"pid":129,"sid":4},{"pid":129,"sid":1},{"pid":129,"sid":3},{"pid":130,"sid":3},{"pid":130,"sid":4},{"pid":130,"sid":2},{"pid":130,"sid":1},{"pid":131,"sid":2},{"pid":132,"sid":3},{"pid":132,"sid":1},{"pid":132,"sid":4},{"pid":132,"sid":2},{"pid":133,"sid":3},{"pid":133,"sid":2},{"pid":134,"sid":1},{"pid":134,"sid":2},{"pid":135,"sid":1},{"pid":136,"sid":4},{"pid":136,"sid":3},{"pid":137,"sid":2},{"pid":137,"sid":1},{"pid":137,"sid":3},{"pid":137,"sid":4},{"pid":138,"sid":3},{"pid":138,"sid":1},{"pid":139,"sid":3},{"pid":139,"sid":2},{"pid":140,"sid":1},{"pid":140,"sid":2},{"pid":140,"sid":3},{"pid":140,"sid":4},{"pid":141,"sid":2},{"pid":141,"sid":4},{"pid":141,"sid":1},{"pid":141,"sid":3},{"pid":142,"sid":4},{"pid":142,"sid":2},{"pid":142,"sid":1},{"pid":143,"sid":3},{"pid":143,"sid":1},{"pid":144,"sid":2},{"pid":144,"sid":3},{"pid":144,"sid":1},{"pid":144,"sid":4},{"pid":145,"sid":1},{"pid":145,"sid":2},{"pid":145,"sid":3},{"pid":146,"sid":4},{"pid":147,"sid":4},{"pid":147,"sid":3},{"pid":148,"sid":2},{"pid":149,"sid":3},{"pid":149,"sid":2},{"pid":149,"sid":4},{"pid":149,"sid":1},{"pid":150,"sid":1},{"pid":150,"sid":4},{"pid":151,"sid":3},{"pid":152,"sid":2},{"pid":153,"sid":4},{"pid":153,"sid":3},{"pid":154,"sid":3},{"pid":155,"sid":1},{"pid":155,"sid":2},{"pid":155,"sid":3},{"pid":156,"sid":3},{"pid":156,"sid":4},{"pid":157,"sid":3},{"pid":157,"sid":4},{"pid":158,"sid":3},{"pid":158,"sid":1},{"pid":159,"sid":1},{"pid":159,"sid":4},{"pid":159,"sid":3},{"pid":159,"sid":2},{"pid":160,"sid":2},{"pid":160,"sid":1},{"pid":160,"sid":4},{"pid":161,"sid":1},{"pid":162,"sid":4},{"pid":162,"sid":3},{"pid":162,"sid":1},{"pid":163,"sid":1},{"pid":163,"sid":4},{"pid":163,"sid":3},{"pid":163,"sid":2},{"pid":164,"sid":3},{"pid":164,"sid":2},{"pid":164,"sid":1},{"pid":165,"sid":3},{"pid":165,"sid":2},{"pid":166,"sid":3},{"pid":166,"sid":1},{"pid":166,"sid":2},{"pid":167,"sid":2},{"pid":168,"sid":4},{"pid":168,"sid":3},{"pid":169,"sid":3},{"pid":169,"sid":2},{"pid":169,"sid":4},{"pid":170,"sid":2},{"pid":171,"sid":1},{"pid":172,"sid":2},{"pid":173,"sid":3},{"pid":173,"sid":2},{"pid":173,"sid":4},{"pid":173,"sid":1},{"pid":174,"sid":4},{"pid":174,"sid":3},{"pid":174,"sid":1},{"pid":174,"sid":2},{"pid":175,"sid":4},{"pid":175,"sid":1},{"pid":175,"sid":3},{"pid":175,"sid":2},{"pid":176,"sid":2},{"pid":177,"sid":2},{"pid":177,"sid":3},{"pid":177,"sid":1},{"pid":177,"sid":4},{"pid":178,"sid":3},{"pid":178,"sid":4},{"pid":178,"sid":1},{"pid":179,"sid":2},{"pid":179,"sid":1},{"pid":180,"sid":4},{"pid":180,"sid":1},{"pid":181,"sid":1},{"pid":181,"sid":3},{"pid":181,"sid":2},{"pid":181,"sid":4},{"pid":182,"sid":1},{"pid":183,"sid":2},{"pid":184,"sid":4},{"pid":185,"sid":2},{"pid":185,"sid":1},{"pid":186,"sid":4},{"pid":186,"sid":1},{"pid":186,"sid":3},{"pid":186,"sid":2},{"pid":187,"sid":4},{"pid":188,"sid":1},{"pid":188,"sid":4},{"pid":189,"sid":3},{"pid":189,"sid":1},{"pid":189,"sid":4},{"pid":190,"sid":4},{"pid":190,"sid":1},{"pid":190,"sid":2},{"pid":190,"sid":3},{"pid":191,"sid":1},{"pid":191,"sid":3},{"pid":192,"sid":4},{"pid":192,"sid":2},{"pid":193,"sid":1},{"pid":194,"sid":1},{"pid":194,"sid":3},{"pid":194,"sid":4},{"pid":195,"sid":3},{"pid":195,"sid":4},{"pid":195,"sid":2},{"pid":195,"sid":1},{"pid":196,"sid":2},{"pid":196,"sid":1},{"pid":197,"sid":3},{"pid":197,"sid":4},{"pid":198,"sid":4},{"pid":198,"sid":2},{"pid":199,"sid":3},{"pid":200,"sid":1},{"pid":200,"sid":2},{"pid":201,"sid":4},{"pid":201,"sid":2},{"pid":202,"sid":2},{"pid":202,"sid":4},{"pid":203,"sid":1},{"pid":203,"sid":3},{"pid":203,"sid":4},{"pid":203,"sid":2},{"pid":204,"sid":4},{"pid":204,"sid":2},{"pid":204,"sid":3},{"pid":205,"sid":3},{"pid":205,"sid":2},{"pid":205,"sid":4},{"pid":206,"sid":4},{"pid":206,"sid":1},{"pid":207,"sid":4},{"pid":208,"sid":2},{"pid":208,"sid":3},{"pid":209,"sid":3},{"pid":209,"sid":2},{"pid":210,"sid":2},{"pid":210,"sid":3},{"pid":210,"sid":4},{"pid":211,"sid":1},{"pid":211,"sid":2},{"pid":211,"sid":3},{"pid":211,"sid":4},{"pid":212,"sid":4},{"pid":212,"sid":1},{"pid":212,"sid":2},{"pid":212,"sid":3},{"pid":213,"sid":2},{"pid":213,"sid":4},{"pid":214,"sid":3},{"pid":214,"sid":1},{"pid":215,"sid":4},{"pid":215,"sid":1},{"pid":215,"sid":3},{"pid":216,"sid":1},{"pid":216,"sid":2},{"pid":217,"sid":3},{"pid":217,"sid":1},{"pid":218,"sid":4},{"pid":218,"sid":3},{"pid":218,"sid":1},{"pid":218,"sid":2},{"pid":219,"sid":2},{"pid":220,"sid":1},{"pid":220,"sid":4},{"pid":220,"sid":3},{"pid":220,"sid":2},{"pid":221,"sid":2},{"pid":221,"sid":3},{"pid":221,"sid":1},{"pid":222,"sid":1},{"pid":223,"sid":4},{"pid":223,"sid":3},{"pid":223,"sid":2},{"pid":224,"sid":2},{"pid":224,"sid":1},{"pid":224,"sid":3},{"pid":225,"sid":3},{"pid":226,"sid":1},{"pid":226,"sid":4},{"pid":227,"sid":2},{"pid":227,"sid":4},{"pid":227,"sid":1},{"pid":228,"sid":3},{"pid":228,"sid":2},{"pid":228,"sid":4},{"pid":229,"sid":2},{"pid":229,"sid":3},{"pid":229,"sid":1},{"pid":229,"sid":4},{"pid":230,"sid":3},{"pid":231,"sid":3},{"pid":231,"sid":2},{"pid":231,"sid":4},{"pid":232,"sid":2},{"pid":233,"sid":1},{"pid":233,"sid":3},{"pid":234,"sid":2},{"pid":235,"sid":2},{"pid":235,"sid":3},{"pid":235,"sid":1},{"pid":235,"sid":4},{"pid":236,"sid":4},{"pid":236,"sid":2},{"pid":236,"sid":3},{"pid":236,"sid":1},{"pid":237,"sid":1},{"pid":237,"sid":3},{"pid":238,"sid":4},{"pid":238,"sid":1},{"pid":239,"sid":3},{"pid":239,"sid":4},{"pid":239,"sid":2},{"pid":239,"sid":1},{"pid":240,"sid":3},{"pid":241,"sid":1},{"pid":241,"sid":4},{"pid":242,"sid":4},{"pid":242,"sid":3},{"pid":242,"sid":2},{"pid":243,"sid":1},{"pid":244,"sid":3},{"pid":244,"sid":1},{"pid":245,"sid":2},{"pid":245,"sid":4},{"pid":245,"sid":1},{"pid":246,"sid":2},{"pid":246,"sid":3},{"pid":246,"sid":4},{"pid":247,"sid":3},{"pid":248,"sid":1},{"pid":248,"sid":2},{"pid":249,"sid":3},{"pid":249,"sid":2},{"pid":250,"sid":1},{"pid":250,"sid":4},{"pid":251,"sid":1},{"pid":251,"sid":2},{"pid":251,"sid":4},{"pid":252,"sid":2},{"pid":252,"sid":3},{"pid":252,"sid":4},{"pid":252,"sid":1},{"pid":253,"sid":3},{"pid":253,"sid":4},{"pid":253,"sid":1},{"pid":253,"sid":2},{"pid":254,"sid":1},{"pid":254,"sid":4},{"pid":254,"sid":2},{"pid":255,"sid":2},{"pid":255,"sid":1},{"pid":256,"sid":3},{"pid":257,"sid":4},{"pid":257,"sid":1},{"pid":257,"sid":3},{"pid":257,"sid":2},{"pid":258,"sid":4},{"pid":259,"sid":2},{"pid":259,"sid":3},{"pid":260,"sid":4},{"pid":260,"sid":2},{"pid":260,"sid":1},{"pid":261,"sid":3},{"pid":261,"sid":1},{"pid":261,"sid":4},{"pid":262,"sid":3},{"pid":262,"sid":1},{"pid":263,"sid":4},{"pid":263,"sid":2},{"pid":264,"sid":2},{"pid":264,"sid":3},{"pid":265,"sid":2},{"pid":265,"sid":4},{"pid":265,"sid":3},{"pid":266,"sid":2},{"pid":266,"sid":3},{"pid":266,"sid":1},{"pid":266,"sid":4},{"pid":267,"sid":4},{"pid":267,"sid":2},{"pid":267,"sid":1},{"pid":268,"sid":3},{"pid":268,"sid":2},{"pid":268,"sid":1},{"pid":269,"sid":2},{"pid":269,"sid":3},{"pid":269,"sid":1},{"pid":270,"sid":3},{"pid":270,"sid":4},{"pid":270,"sid":2},{"pid":270,"sid":1},{"pid":271,"sid":4},{"pid":272,"sid":4},{"pid":272,"sid":1},{"pid":272,"sid":2},{"pid":273,"sid":1},{"pid":273,"sid":2},{"pid":273,"sid":3},{"pid":274,"sid":3},{"pid":275,"sid":3},{"pid":275,"sid":1},{"pid":275,"sid":2},{"pid":276,"sid":2},{"pid":276,"sid":4},{"pid":276,"sid":3},{"pid":276,"sid":1},{"pid":277,"sid":2},{"pid":277,"sid":4},{"pid":277,"sid":1},{"pid":278,"sid":2},{"pid":279,"sid":2},{"pid":279,"sid":4},{"pid":279,"sid":1},{"pid":279,"sid":3},{"pid":280,"sid":2},{"pid":281,"sid":1},{"pid":282,"sid":3},{"pid":283,"sid":2},{"pid":283,"sid":3},{"pid":283,"sid":1},{"pid":284,"sid":4},{"pid":284,"sid":2},{"pid":284,"sid":1},{"pid":284,"sid":3},{"pid":285,"sid":2},{"pid":285,"sid":3},{"pid":285,"sid":1},{"pid":286,"sid":2},{"pid":286,"sid":4},{"pid":286,"sid":3},{"pid":286,"sid":1},{"pid":287,"sid":2},{"pid":288,"sid":4},{"pid":288,"sid":2},{"pid":289,"sid":1},{"pid":289,"sid":2},{"pid":289,"sid":4},{"pid":289,"sid":3},{"pid":290,"sid":4},{"pid":290,"sid":1},{"pid":291,"sid":3},{"pid":291,"sid":2},{"pid":291,"sid":1},{"pid":292,"sid":3},{"pid":292,"sid":2},{"pid":293,"sid":3},{"pid":294,"sid":3},{"pid":294,"sid":4},{"pid":294,"sid":2},{"pid":295,"sid":4},{"pid":295,"sid":2},{"pid":295,"sid":1},{"pid":296,"sid":1},{"pid":296,"sid":2},{"pid":296,"sid":3},{"pid":297,"sid":2},{"pid":298,"sid":3},{"pid":298,"sid":1},{"pid":298,"sid":4},{"pid":298,"sid":2},{"pid":299,"sid":2},{"pid":299,"sid":4},{"pid":300,"sid":3},{"pid":300,"sid":1},{"pid":301,"sid":2},{"pid":301,"sid":4},{"pid":302,"sid":1},{"pid":302,"sid":2},{"pid":302,"sid":3},{"pid":303,"sid":2},{"pid":303,"sid":3},{"pid":303,"sid":4},{"pid":303,"sid":1},{"pid":304,"sid":3},{"pid":305,"sid":1},{"pid":306,"sid":1},{"pid":306,"sid":2},{"pid":306,"sid":3},{"pid":306,"sid":4},{"pid":307,"sid":3},{"pid":307,"sid":2},{"pid":307,"sid":1},{"pid":308,"sid":3},{"pid":308,"sid":2},{"pid":309,"sid":4},{"pid":309,"sid":3},{"pid":310,"sid":3},{"pid":310,"sid":4},{"pid":310,"sid":1},{"pid":310,"sid":2},{"pid":311,"sid":4},{"pid":311,"sid":3},{"pid":311,"sid":2},{"pid":312,"sid":2},{"pid":312,"sid":1},{"pid":313,"sid":2},{"pid":313,"sid":3},{"pid":313,"sid":1},{"pid":313,"sid":4},{"pid":314,"sid":1},{"pid":314,"sid":2},{"pid":314,"sid":4},{"pid":315,"sid":2},{"pid":315,"sid":1},{"pid":315,"sid":3},{"pid":316,"sid":2},{"pid":316,"sid":4},{"pid":316,"sid":1},{"pid":317,"sid":4},{"pid":317,"sid":3},{"pid":317,"sid":1},{"pid":318,"sid":1},{"pid":318,"sid":3},{"pid":319,"sid":1},{"pid":319,"sid":2},{"pid":320,"sid":3},{"pid":320,"sid":2},{"pid":320,"sid":1},{"pid":321,"sid":4},{"pid":322,"sid":4},{"pid":323,"sid":2},{"pid":323,"sid":1},{"pid":323,"sid":3},{"pid":324,"sid":2},{"pid":325,"sid":2},{"pid":325,"sid":1},{"pid":325,"sid":4},{"pid":325,"sid":3},{"pid":326,"sid":2},{"pid":326,"sid":3},{"pid":326,"sid":1},{"pid":326,"sid":4},{"pid":327,"sid":4},{"pid":328,"sid":4},{"pid":328,"sid":3},{"pid":328,"sid":2},{"pid":328,"sid":1},{"pid":329,"sid":4},{"pid":329,"sid":2},{"pid":330,"sid":1},{"pid":330,"sid":4},{"pid":330,"sid":3},{"pid":330,"sid":2},{"pid":331,"sid":4},{"pid":331,"sid":3},{"pid":332,"sid":2},{"pid":332,"sid":3},{"pid":332,"sid":4},{"pid":333,"sid":1},{"pid":333,"sid":3},{"pid":333,"sid":4},{"pid":333,"sid":2},{"pid":334,"sid":1},{"pid":334,"sid":3},{"pid":335,"sid":4},{"pid":335,"sid":2},{"pid":336,"sid":2},{"pid":336,"sid":4},{"pid":336,"sid":1},{"pid":336,"sid":3},{"pid":337,"sid":4},{"pid":337,"sid":3},{"pid":338,"sid":4},{"pid":338,"sid":3},{"pid":338,"sid":2},{"pid":338,"sid":1},{"pid":339,"sid":3},{"pid":339,"sid":2},{"pid":340,"sid":3},{"pid":340,"sid":4},{"pid":340,"sid":2},{"pid":340,"sid":1},{"pid":341,"sid":2},{"pid":341,"sid":3},{"pid":341,"sid":1},{"pid":342,"sid":3},{"pid":342,"sid":4},{"pid":342,"sid":2},{"pid":342,"sid":1},{"pid":343,"sid":1},{"pid":343,"sid":2},{"pid":343,"sid":4},{"pid":344,"sid":3},{"pid":345,"sid":3},{"pid":345,"sid":4},{"pid":345,"sid":1},{"pid":346,"sid":1},{"pid":346,"sid":3},{"pid":347,"sid":1},{"pid":347,"sid":4},{"pid":347,"sid":2},{"pid":347,"sid":3},{"pid":348,"sid":1},{"pid":348,"sid":4},{"pid":348,"sid":2},{"pid":349,"sid":1},{"pid":349,"sid":2},{"pid":349,"sid":4},{"pid":349,"sid":3},{"pid":350,"sid":3},{"pid":350,"sid":1},{"pid":350,"sid":4},{"pid":351,"sid":2},{"pid":351,"sid":3},{"pid":351,"sid":4},{"pid":351,"sid":1},{"pid":352,"sid":3},{"pid":352,"sid":4},{"pid":352,"sid":1},{"pid":352,"sid":2},{"pid":353,"sid":1},{"pid":353,"sid":4},{"pid":353,"sid":3},{"pid":353,"sid":2},{"pid":354,"sid":3},{"pid":354,"sid":2},{"pid":355,"sid":3},{"pid":355,"sid":1},{"pid":356,"sid":2},{"pid":356,"sid":1},{"pid":356,"sid":3},{"pid":356,"sid":4},{"pid":357,"sid":3},{"pid":357,"sid":2},{"pid":358,"sid":4},{"pid":359,"sid":2},{"pid":359,"sid":1},{"pid":359,"sid":3},{"pid":359,"sid":4},{"pid":360,"sid":3},{"pid":360,"sid":4},{"pid":361,"sid":1},{"pid":362,"sid":4},{"pid":362,"sid":1},{"pid":363,"sid":3},{"pid":363,"sid":2},{"pid":363,"sid":4},{"pid":364,"sid":2},{"pid":365,"sid":2},{"pid":365,"sid":4},{"pid":365,"sid":1},{"pid":365,"sid":3},{"pid":366,"sid":4},{"pid":366,"sid":2},{"pid":367,"sid":4},{"pid":367,"sid":1},{"pid":367,"sid":3},{"pid":367,"sid":2},{"pid":368,"sid":4},{"pid":369,"sid":1},{"pid":370,"sid":3},{"pid":370,"sid":4},{"pid":370,"sid":1},{"pid":371,"sid":3},{"pid":371,"sid":2},{"pid":371,"sid":4},{"pid":371,"sid":1},{"pid":372,"sid":4},{"pid":373,"sid":1},{"pid":373,"sid":4},{"pid":374,"sid":4},{"pid":374,"sid":1},{"pid":375,"sid":1},{"pid":376,"sid":4},{"pid":376,"sid":3},{"pid":376,"sid":1},{"pid":377,"sid":3},{"pid":377,"sid":4},{"pid":377,"sid":2},{"pid":378,"sid":3},{"pid":378,"sid":4},{"pid":378,"sid":1},{"pid":379,"sid":1},{"pid":379,"sid":4},{"pid":379,"sid":2},{"pid":380,"sid":1},{"pid":381,"sid":1},{"pid":381,"sid":2},{"pid":381,"sid":4},{"pid":382,"sid":3},{"pid":383,"sid":3},{"pid":384,"sid":1},{"pid":384,"sid":2},{"pid":384,"sid":4},{"pid":384,"sid":3},{"pid":385,"sid":3},{"pid":386,"sid":1},{"pid":386,"sid":2},{"pid":387,"sid":3},{"pid":387,"sid":1},{"pid":387,"sid":2},{"pid":387,"sid":4},{"pid":388,"sid":1},{"pid":389,"sid":4},{"pid":389,"sid":2},{"pid":389,"sid":3},{"pid":390,"sid":4},{"pid":390,"sid":2},{"pid":390,"sid":3},{"pid":391,"sid":4},{"pid":391,"sid":1},{"pid":391,"sid":2},{"pid":391,"sid":3},{"pid":392,"sid":2},{"pid":393,"sid":4},{"pid":393,"sid":1},{"pid":393,"sid":2},{"pid":394,"sid":4},{"pid":394,"sid":2},{"pid":395,"sid":3},{"pid":396,"sid":4},{"pid":396,"sid":2},{"pid":396,"sid":3},{"pid":397,"sid":3},{"pid":398,"sid":2},{"pid":398,"sid":3},{"pid":398,"sid":1},{"pid":398,"sid":4},{"pid":399,"sid":1},{"pid":399,"sid":4},{"pid":399,"sid":2},{"pid":399,"sid":3},{"pid":400,"sid":2},{"pid":401,"sid":4},{"pid":402,"sid":3},{"pid":402,"sid":4},{"pid":402,"sid":1},{"pid":403,"sid":3},{"pid":403,"sid":2},{"pid":403,"sid":4},{"pid":404,"sid":2},{"pid":405,"sid":2},{"pid":405,"sid":1},{"pid":406,"sid":1},{"pid":407,"sid":3},{"pid":408,"sid":3},{"pid":408,"sid":1},{"pid":408,"sid":2},{"pid":409,"sid":3},{"pid":409,"sid":1},{"pid":409,"sid":2},{"pid":409,"sid":4},{"pid":410,"sid":1},{"pid":410,"sid":2},{"pid":410,"sid":3},{"pid":411,"sid":3},{"pid":411,"sid":4},{"pid":411,"sid":2},{"pid":411,"sid":1},{"pid":412,"sid":1},{"pid":412,"sid":2},{"pid":413,"sid":1},{"pid":414,"sid":4},{"pid":415,"sid":2},{"pid":416,"sid":3},{"pid":416,"sid":4},{"pid":416,"sid":2},{"pid":416,"sid":1},{"pid":417,"sid":4},{"pid":417,"sid":1},{"pid":418,"sid":2},{"pid":418,"sid":3},{"pid":418,"sid":1},{"pid":419,"sid":1},{"pid":419,"sid":4},{"pid":419,"sid":3},{"pid":420,"sid":3},{"pid":420,"sid":1},{"pid":420,"sid":2},{"pid":421,"sid":3},{"pid":421,"sid":2},{"pid":421,"sid":1},{"pid":421,"sid":4},{"pid":422,"sid":3},{"pid":423,"sid":2},{"pid":423,"sid":1},{"pid":423,"sid":4},{"pid":423,"sid":3},{"pid":424,"sid":4},{"pid":425,"sid":1},{"pid":425,"sid":3},{"pid":425,"sid":2},{"pid":425,"sid":4},{"pid":426,"sid":2},{"pid":426,"sid":1},{"pid":426,"sid":4},{"pid":427,"sid":4},{"pid":427,"sid":2},{"pid":427,"sid":3},{"pid":427,"sid":1},{"pid":428,"sid":1},{"pid":428,"sid":4},{"pid":428,"sid":3},{"pid":428,"sid":2},{"pid":429,"sid":2},{"pid":429,"sid":3},{"pid":430,"sid":1},{"pid":431,"sid":4},{"pid":431,"sid":2},{"pid":431,"sid":1},{"pid":432,"sid":4},{"pid":432,"sid":3},{"pid":432,"sid":2},{"pid":432,"sid":1},{"pid":433,"sid":1},{"pid":433,"sid":4},{"pid":434,"sid":3},{"pid":435,"sid":3},{"pid":436,"sid":3},{"pid":436,"sid":2},{"pid":436,"sid":1},{"pid":437,"sid":4},{"pid":437,"sid":2},{"pid":437,"sid":1},{"pid":438,"sid":4},{"pid":439,"sid":3},{"pid":439,"sid":1},{"pid":439,"sid":2},{"pid":439,"sid":4},{"pid":440,"sid":3},{"pid":440,"sid":4},{"pid":441,"sid":1},{"pid":441,"sid":2},{"pid":441,"sid":4},{"pid":441,"sid":3},{"pid":442,"sid":4},{"pid":442,"sid":3},{"pid":443,"sid":3},{"pid":443,"sid":1},{"pid":444,"sid":1},{"pid":444,"sid":3},{"pid":444,"sid":4},{"pid":444,"sid":2},{"pid":445,"sid":3},{"pid":446,"sid":3},{"pid":446,"sid":4},{"pid":447,"sid":1},{"pid":447,"sid":2},{"pid":447,"sid":4},{"pid":448,"sid":3},{"pid":448,"sid":1},{"pid":448,"sid":4},{"pid":448,"sid":2},{"pid":449,"sid":2},{"pid":449,"sid":4},{"pid":449,"sid":1},{"pid":450,"sid":3},{"pid":450,"sid":2},{"pid":450,"sid":1},{"pid":451,"sid":3},{"pid":451,"sid":4},{"pid":451,"sid":1},{"pid":451,"sid":2},{"pid":452,"sid":1},{"pid":452,"sid":2},{"pid":452,"sid":3},{"pid":452,"sid":4},{"pid":453,"sid":4},{"pid":453,"sid":1},{"pid":453,"sid":2},{"pid":454,"sid":2},{"pid":455,"sid":2},{"pid":455,"sid":1},{"pid":455,"sid":3},{"pid":456,"sid":3},{"pid":456,"sid":1},{"pid":456,"sid":2},{"pid":456,"sid":4},{"pid":457,"sid":2},{"pid":458,"sid":1},{"pid":458,"sid":3},{"pid":458,"sid":4},{"pid":459,"sid":3},{"pid":459,"sid":1},{"pid":459,"sid":2},{"pid":460,"sid":1},{"pid":460,"sid":3},{"pid":460,"sid":4},{"pid":461,"sid":2},{"pid":461,"sid":4},{"pid":461,"sid":3},{"pid":462,"sid":1},{"pid":462,"sid":3},{"pid":462,"sid":4},{"pid":463,"sid":4},{"pid":464,"sid":1},{"pid":464,"sid":4},{"pid":464,"sid":2},{"pid":464,"sid":3},{"pid":465,"sid":3},{"pid":465,"sid":4},{"pid":465,"sid":1},{"pid":465,"sid":2},{"pid":466,"sid":3},{"pid":466,"sid":2},{"pid":466,"sid":1},{"pid":467,"sid":3},{"pid":468,"sid":4},{"pid":468,"sid":1},{"pid":468,"sid":3},{"pid":468,"sid":2},{"pid":469,"sid":3},{"pid":469,"sid":1},{"pid":470,"sid":4},{"pid":470,"sid":2},{"pid":470,"sid":3},{"pid":471,"sid":1},{"pid":471,"sid":4},{"pid":471,"sid":3},{"pid":471,"sid":2},{"pid":472,"sid":4},{"pid":473,"sid":1},{"pid":473,"sid":4},{"pid":473,"sid":3},{"pid":474,"sid":2},{"pid":474,"sid":3},{"pid":475,"sid":2},{"pid":475,"sid":1},{"pid":475,"sid":4},{"pid":475,"sid":3},{"pid":476,"sid":1},{"pid":476,"sid":2},{"pid":476,"sid":4},{"pid":477,"sid":1},{"pid":478,"sid":3},{"pid":479,"sid":3},{"pid":479,"sid":2},{"pid":479,"sid":1},{"pid":479,"sid":4},{"pid":480,"sid":2},{"pid":480,"sid":4},{"pid":480,"sid":1},{"pid":481,"sid":1},{"pid":482,"sid":4},{"pid":482,"sid":1},{"pid":482,"sid":2},{"pid":483,"sid":3},{"pid":483,"sid":1},{"pid":483,"sid":2},{"pid":483,"sid":4},{"pid":484,"sid":3},{"pid":485,"sid":1},{"pid":485,"sid":3},{"pid":486,"sid":3},{"pid":486,"sid":4},{"pid":487,"sid":4},{"pid":488,"sid":3},{"pid":489,"sid":3},{"pid":490,"sid":4},{"pid":490,"sid":2},{"pid":490,"sid":3},{"pid":490,"sid":1},{"pid":491,"sid":4},{"pid":491,"sid":3},{"pid":491,"sid":2},{"pid":491,"sid":1},{"pid":492,"sid":2},{"pid":492,"sid":3},{"pid":492,"sid":4},{"pid":493,"sid":2},{"pid":493,"sid":1},{"pid":494,"sid":1},{"pid":495,"sid":2},{"pid":495,"sid":4},{"pid":495,"sid":1},{"pid":495,"sid":3},{"pid":496,"sid":3},{"pid":497,"sid":4},{"pid":497,"sid":1},{"pid":497,"sid":2},{"pid":498,"sid":3},{"pid":498,"sid":4},{"pid":499,"sid":4},{"pid":499,"sid":3},{"pid":499,"sid":2},{"pid":500,"sid":2},{"pid":500,"sid":4},{"pid":500,"sid":1},{"pid":500,"sid":3},{"pid":501,"sid":2},{"pid":501,"sid":1},{"pid":501,"sid":4},{"pid":501,"sid":3},{"pid":502,"sid":2},{"pid":502,"sid":1},{"pid":502,"sid":3},{"pid":503,"sid":1},{"pid":503,"sid":3},{"pid":503,"sid":4},{"pid":503,"sid":2},{"pid":504,"sid":1},{"pid":504,"sid":2},{"pid":504,"sid":4},{"pid":505,"sid":1},{"pid":505,"sid":2},{"pid":505,"sid":3},{"pid":506,"sid":1},{"pid":506,"sid":3},{"pid":506,"sid":2},{"pid":507,"sid":3},{"pid":508,"sid":2},{"pid":508,"sid":4},{"pid":508,"sid":1},{"pid":508,"sid":3},{"pid":509,"sid":3},{"pid":509,"sid":2},{"pid":510,"sid":4},{"pid":510,"sid":2},{"pid":510,"sid":1},{"pid":511,"sid":1},{"pid":512,"sid":1},{"pid":512,"sid":4},{"pid":512,"sid":3},{"pid":512,"sid":2},{"pid":513,"sid":4},{"pid":514,"sid":4},{"pid":515,"sid":1},{"pid":515,"sid":2},{"pid":516,"sid":3},{"pid":516,"sid":4},{"pid":517,"sid":2},{"pid":517,"sid":1},{"pid":517,"sid":4},{"pid":517,"sid":3},{"pid":518,"sid":1},{"pid":518,"sid":3},{"pid":518,"sid":2},{"pid":518,"sid":4},{"pid":519,"sid":4},{"pid":519,"sid":1},{"pid":519,"sid":3},{"pid":520,"sid":3},{"pid":521,"sid":2},{"pid":521,"sid":3},{"pid":522,"sid":4},{"pid":522,"sid":3},{"pid":522,"sid":1},{"pid":522,"sid":2},{"pid":523,"sid":3},{"pid":524,"sid":2},{"pid":524,"sid":4},{"pid":524,"sid":1},{"pid":524,"sid":3},{"pid":525,"sid":3},{"pid":525,"sid":2},{"pid":525,"sid":4},{"pid":526,"sid":2},{"pid":526,"sid":4},{"pid":527,"sid":1},{"pid":527,"sid":2},{"pid":528,"sid":1},{"pid":528,"sid":4},{"pid":528,"sid":2},{"pid":529,"sid":1},{"pid":529,"sid":2},{"pid":529,"sid":4},{"pid":530,"sid":3},{"pid":530,"sid":1},{"pid":530,"sid":4},{"pid":530,"sid":2},{"pid":531,"sid":4},{"pid":532,"sid":4},{"pid":532,"sid":3},{"pid":532,"sid":2},{"pid":532,"sid":1},{"pid":533,"sid":2},{"pid":533,"sid":4},{"pid":533,"sid":3},{"pid":533,"sid":1},{"pid":534,"sid":2},{"pid":534,"sid":3},{"pid":534,"sid":4},{"pid":534,"sid":1},{"pid":535,"sid":4},{"pid":535,"sid":3},{"pid":535,"sid":2},{"pid":536,"sid":1},{"pid":536,"sid":4},{"pid":537,"sid":2},{"pid":538,"sid":2},{"pid":539,"sid":3},{"pid":539,"sid":4},{"pid":540,"sid":2},{"pid":541,"sid":2},{"pid":541,"sid":1},{"pid":541,"sid":3},{"pid":542,"sid":3},{"pid":542,"sid":1},{"pid":542,"sid":2},{"pid":543,"sid":3},{"pid":543,"sid":4},{"pid":544,"sid":1},{"pid":544,"sid":4},{"pid":544,"sid":2},{"pid":544,"sid":3},{"pid":545,"sid":4},{"pid":545,"sid":1},{"pid":546,"sid":1},{"pid":547,"sid":1},{"pid":547,"sid":4},{"pid":547,"sid":3},{"pid":548,"sid":1},{"pid":548,"sid":4},{"pid":548,"sid":3},{"pid":549,"sid":2},{"pid":549,"sid":3},{"pid":549,"sid":4},{"pid":549,"sid":1},{"pid":550,"sid":4},{"pid":550,"sid":1},{"pid":550,"sid":2},{"pid":551,"sid":3},{"pid":551,"sid":1},{"pid":551,"sid":2},{"pid":552,"sid":2},{"pid":552,"sid":1},{"pid":552,"sid":3},{"pid":552,"sid":4},{"pid":553,"sid":1},{"pid":553,"sid":4},{"pid":553,"sid":2},{"pid":554,"sid":2},{"pid":554,"sid":3},{"pid":555,"sid":1},{"pid":556,"sid":3},{"pid":557,"sid":3},{"pid":557,"sid":2},{"pid":557,"sid":1},{"pid":558,"sid":3},{"pid":558,"sid":4},{"pid":558,"sid":1},{"pid":558,"sid":2},{"pid":559,"sid":1},{"pid":559,"sid":3},{"pid":559,"sid":2},{"pid":560,"sid":3},{"pid":561,"sid":2},{"pid":562,"sid":4},{"pid":562,"sid":2},{"pid":562,"sid":3},{"pid":562,"sid":1},{"pid":563,"sid":3},{"pid":563,"sid":4},{"pid":563,"sid":1},{"pid":564,"sid":1},{"pid":564,"sid":3},{"pid":564,"sid":4},{"pid":565,"sid":4},{"pid":566,"sid":2},{"pid":566,"sid":3},{"pid":567,"sid":4},{"pid":567,"sid":1},{"pid":568,"sid":4},{"pid":568,"sid":3},{"pid":569,"sid":4},{"pid":569,"sid":2},{"pid":569,"sid":1},{"pid":570,"sid":2},{"pid":570,"sid":3},{"pid":570,"sid":4},{"pid":570,"sid":1},{"pid":571,"sid":1},{"pid":571,"sid":4},{"pid":571,"sid":3},{"pid":571,"sid":2},{"pid":572,"sid":4},{"pid":572,"sid":3},{"pid":572,"sid":2},{"pid":572,"sid":1},{"pid":573,"sid":3},{"pid":574,"sid":1},{"pid":574,"sid":2},{"pid":574,"sid":3},{"pid":575,"sid":3},{"pid":575,"sid":1},{"pid":575,"sid":4},{"pid":576,"sid":3},{"pid":577,"sid":3},{"pid":577,"sid":2},{"pid":577,"sid":4},{"pid":577,"sid":1},{"pid":578,"sid":1},{"pid":578,"sid":3},{"pid":578,"sid":4},{"pid":579,"sid":1},{"pid":579,"sid":2},{"pid":579,"sid":4},{"pid":579,"sid":3},{"pid":580,"sid":2},{"pid":580,"sid":1},{"pid":580,"sid":4},{"pid":581,"sid":2},{"pid":581,"sid":1},{"pid":581,"sid":3},{"pid":582,"sid":4},{"pid":583,"sid":4},{"pid":584,"sid":4},{"pid":584,"sid":3},{"pid":585,"sid":4},{"pid":585,"sid":2},{"pid":585,"sid":3},{"pid":585,"sid":1},{"pid":586,"sid":1},{"pid":586,"sid":3},{"pid":587,"sid":1},{"pid":587,"sid":4},{"pid":587,"sid":2},{"pid":587,"sid":3},{"pid":588,"sid":3},{"pid":588,"sid":1},{"pid":589,"sid":2},{"pid":589,"sid":1},{"pid":589,"sid":4},{"pid":590,"sid":2},{"pid":591,"sid":1},{"pid":591,"sid":4},{"pid":591,"sid":2},{"pid":591,"sid":3},{"pid":592,"sid":3},{"pid":592,"sid":1},{"pid":592,"sid":2},{"pid":593,"sid":3},{"pid":593,"sid":2},{"pid":594,"sid":3},{"pid":594,"sid":1},{"pid":594,"sid":4},{"pid":595,"sid":4},{"pid":596,"sid":4},{"pid":597,"sid":1},{"pid":598,"sid":4},{"pid":598,"sid":2},{"pid":598,"sid":1},{"pid":599,"sid":3},{"pid":599,"sid":2},{"pid":599,"sid":4},{"pid":600,"sid":2},{"pid":601,"sid":2},{"pid":601,"sid":3},{"pid":602,"sid":2},{"pid":602,"sid":4},{"pid":602,"sid":1},{"pid":602,"sid":3},{"pid":603,"sid":1},{"pid":604,"sid":1},{"pid":605,"sid":2},{"pid":605,"sid":1},{"pid":605,"sid":3},{"pid":606,"sid":4},{"pid":607,"sid":2},{"pid":607,"sid":3},{"pid":607,"sid":4},{"pid":608,"sid":1},{"pid":608,"sid":4},{"pid":609,"sid":4},{"pid":609,"sid":1},{"pid":610,"sid":3},{"pid":611,"sid":3},{"pid":611,"sid":1},{"pid":611,"sid":4},{"pid":611,"sid":2},{"pid":612,"sid":1},{"pid":612,"sid":4},{"pid":612,"sid":2},{"pid":612,"sid":3},{"pid":613,"sid":1},{"pid":613,"sid":4},{"pid":613,"sid":2},{"pid":614,"sid":3},{"pid":614,"sid":2},{"pid":614,"sid":4},{"pid":615,"sid":1},{"pid":615,"sid":2},{"pid":615,"sid":3},{"pid":615,"sid":4},{"pid":616,"sid":2},{"pid":616,"sid":3},{"pid":617,"sid":1},{"pid":617,"sid":4},{"pid":618,"sid":3},{"pid":618,"sid":1},{"pid":618,"sid":4},{"pid":618,"sid":2},{"pid":619,"sid":4},{"pid":619,"sid":2},{"pid":620,"sid":4},{"pid":620,"sid":3},{"pid":620,"sid":1},{"pid":620,"sid":2},{"pid":621,"sid":3},{"pid":621,"sid":1},{"pid":621,"sid":2},{"pid":621,"sid":4},{"pid":622,"sid":3},{"pid":623,"sid":3},{"pid":623,"sid":4},{"pid":623,"sid":2},{"pid":624,"sid":4},{"pid":625,"sid":3},{"pid":626,"sid":4},{"pid":626,"sid":1},{"pid":627,"sid":4},{"pid":627,"sid":2},{"pid":627,"sid":3},{"pid":628,"sid":1},{"pid":629,"sid":3},{"pid":629,"sid":1},{"pid":630,"sid":2},{"pid":631,"sid":2},{"pid":631,"sid":4},{"pid":631,"sid":3},{"pid":631,"sid":1},{"pid":632,"sid":1},{"pid":632,"sid":3},{"pid":632,"sid":2},{"pid":633,"sid":3},{"pid":633,"sid":2},{"pid":633,"sid":4},{"pid":634,"sid":3},{"pid":635,"sid":4},{"pid":635,"sid":2},{"pid":635,"sid":3},{"pid":636,"sid":2},{"pid":636,"sid":3},{"pid":636,"sid":4},{"pid":636,"sid":1},{"pid":637,"sid":1},{"pid":637,"sid":3},{"pid":637,"sid":2},{"pid":637,"sid":4},{"pid":638,"sid":4},{"pid":639,"sid":4},{"pid":639,"sid":1},{"pid":639,"sid":3},{"pid":640,"sid":3},{"pid":640,"sid":2},{"pid":640,"sid":1},{"pid":641,"sid":1},{"pid":641,"sid":2},{"pid":641,"sid":3},{"pid":642,"sid":4},{"pid":642,"sid":1},{"pid":642,"sid":2},{"pid":642,"sid":3},{"pid":643,"sid":2},{"pid":644,"sid":1},{"pid":644,"sid":4},{"pid":645,"sid":2},{"pid":645,"sid":4},{"pid":645,"sid":1},{"pid":645,"sid":3},{"pid":646,"sid":4},{"pid":646,"sid":1},{"pid":647,"sid":2},{"pid":647,"sid":4},{"pid":647,"sid":1},{"pid":647,"sid":3},{"pid":648,"sid":2},{"pid":648,"sid":1},{"pid":648,"sid":3},{"pid":649,"sid":4},{"pid":650,"sid":4},{"pid":650,"sid":1},{"pid":651,"sid":2},{"pid":651,"sid":4},{"pid":652,"sid":4},{"pid":652,"sid":2},{"pid":653,"sid":1},{"pid":654,"sid":2},{"pid":654,"sid":1},{"pid":655,"sid":4},{"pid":655,"sid":1},{"pid":655,"sid":2},{"pid":656,"sid":2},{"pid":656,"sid":1},{"pid":657,"sid":2},{"pid":657,"sid":3},{"pid":658,"sid":1},{"pid":658,"sid":2},{"pid":659,"sid":3},{"pid":659,"sid":2},{"pid":659,"sid":4},{"pid":659,"sid":1},{"pid":660,"sid":3},{"pid":660,"sid":1},{"pid":661,"sid":3},{"pid":661,"sid":2},{"pid":661,"sid":4},{"pid":662,"sid":2},{"pid":662,"sid":1},{"pid":662,"sid":4},{"pid":663,"sid":3},{"pid":663,"sid":1},{"pid":664,"sid":3},{"pid":665,"sid":2},{"pid":666,"sid":1},{"pid":667,"sid":3},{"pid":667,"sid":2},{"pid":667,"sid":1},{"pid":668,"sid":3},{"pid":669,"sid":4},{"pid":669,"sid":2},{"pid":669,"sid":3},{"pid":670,"sid":2},{"pid":670,"sid":4},{"pid":671,"sid":3},{"pid":672,"sid":2},{"pid":673,"sid":4},{"pid":673,"sid":1},{"pid":674,"sid":2},{"pid":674,"sid":1},{"pid":674,"sid":3},{"pid":674,"sid":4},{"pid":675,"sid":2},{"pid":675,"sid":1},{"pid":675,"sid":4},{"pid":675,"sid":3},{"pid":676,"sid":4},{"pid":676,"sid":1},{"pid":677,"sid":2},{"pid":677,"sid":3},{"pid":678,"sid":1},{"pid":678,"sid":4},{"pid":678,"sid":3},{"pid":678,"sid":2},{"pid":679,"sid":1},{"pid":680,"sid":2},{"pid":681,"sid":2},{"pid":682,"sid":4},{"pid":682,"sid":3},{"pid":682,"sid":1},{"pid":682,"sid":2},{"pid":683,"sid":1},{"pid":683,"sid":3},{"pid":684,"sid":4},{"pid":684,"sid":1},{"pid":685,"sid":4},{"pid":685,"sid":3},{"pid":685,"sid":2},{"pid":686,"sid":3},{"pid":687,"sid":4},{"pid":687,"sid":3},{"pid":688,"sid":2},{"pid":689,"sid":3},{"pid":689,"sid":4},{"pid":689,"sid":1},{"pid":690,"sid":1},{"pid":691,"sid":2},{"pid":692,"sid":3},{"pid":692,"sid":4},{"pid":693,"sid":1},{"pid":693,"sid":2},{"pid":693,"sid":4},{"pid":693,"sid":3},{"pid":694,"sid":2},{"pid":694,"sid":3},{"pid":694,"sid":4},{"pid":694,"sid":1},{"pid":695,"sid":2},{"pid":695,"sid":3},{"pid":695,"sid":4},{"pid":695,"sid":1},{"pid":696,"sid":3},{"pid":696,"sid":1},{"pid":696,"sid":4},{"pid":697,"sid":1},{"pid":697,"sid":2},{"pid":698,"sid":3},{"pid":698,"sid":4},{"pid":698,"sid":1},{"pid":699,"sid":3},{"pid":699,"sid":1},{"pid":699,"sid":4},{"pid":699,"sid":2},{"pid":700,"sid":3},{"pid":700,"sid":2},{"pid":701,"sid":4},{"pid":702,"sid":3},{"pid":703,"sid":2},{"pid":703,"sid":1},{"pid":704,"sid":2},{"pid":704,"sid":1},{"pid":705,"sid":2},{"pid":705,"sid":3},{"pid":705,"sid":1},{"pid":705,"sid":4},{"pid":706,"sid":1},{"pid":707,"sid":1},{"pid":707,"sid":2},{"pid":707,"sid":3},{"pid":707,"sid":4},{"pid":708,"sid":1},{"pid":708,"sid":2},{"pid":709,"sid":1},{"pid":709,"sid":2},{"pid":710,"sid":1},{"pid":711,"sid":2},{"pid":712,"sid":4},{"pid":712,"sid":2},{"pid":712,"sid":3},{"pid":712,"sid":1},{"pid":713,"sid":2},{"pid":713,"sid":1},{"pid":713,"sid":4},{"pid":714,"sid":3},{"pid":715,"sid":4},{"pid":716,"sid":1},{"pid":716,"sid":4},{"pid":716,"sid":3},{"pid":717,"sid":4},{"pid":717,"sid":3},{"pid":717,"sid":2},{"pid":718,"sid":4},{"pid":718,"sid":2},{"pid":719,"sid":3},{"pid":719,"sid":4},{"pid":720,"sid":4},{"pid":720,"sid":2},{"pid":720,"sid":1},{"pid":720,"sid":3},{"pid":721,"sid":4},{"pid":721,"sid":2},{"pid":721,"sid":3},{"pid":721,"sid":1},{"pid":722,"sid":2},{"pid":722,"sid":4},{"pid":722,"sid":3},{"pid":723,"sid":4},{"pid":723,"sid":3},{"pid":723,"sid":2},{"pid":724,"sid":3},{"pid":724,"sid":1},{"pid":724,"sid":4},{"pid":724,"sid":2},{"pid":725,"sid":3},{"pid":725,"sid":2},{"pid":725,"sid":4},{"pid":725,"sid":1},{"pid":726,"sid":4},{"pid":726,"sid":1},{"pid":726,"sid":2},{"pid":726,"sid":3},{"pid":727,"sid":1},{"pid":727,"sid":2},{"pid":727,"sid":4},{"pid":727,"sid":3},{"pid":728,"sid":1},{"pid":729,"sid":2},{"pid":730,"sid":1},{"pid":730,"sid":3},{"pid":730,"sid":2},{"pid":730,"sid":4},{"pid":731,"sid":3},{"pid":731,"sid":2},{"pid":731,"sid":1},{"pid":732,"sid":2},{"pid":733,"sid":3},{"pid":733,"sid":2},{"pid":733,"sid":1},{"pid":734,"sid":4},{"pid":735,"sid":2},{"pid":736,"sid":4},{"pid":737,"sid":3},{"pid":737,"sid":1},{"pid":738,"sid":3},{"pid":738,"sid":1},{"pid":738,"sid":2},{"pid":739,"sid":2},{"pid":739,"sid":4},{"pid":740,"sid":4},{"pid":740,"sid":2},{"pid":741,"sid":2},{"pid":741,"sid":1},{"pid":741,"sid":4},{"pid":742,"sid":3},{"pid":742,"sid":1},{"pid":742,"sid":4},{"pid":742,"sid":2},{"pid":743,"sid":1},{"pid":743,"sid":3},{"pid":744,"sid":1},{"pid":745,"sid":3},{"pid":745,"sid":2},{"pid":745,"sid":4},{"pid":746,"sid":2},{"pid":746,"sid":4},{"pid":747,"sid":4},{"pid":747,"sid":1},{"pid":747,"sid":2},{"pid":748,"sid":2},{"pid":748,"sid":3},{"pid":748,"sid":4},{"pid":749,"sid":2},{"pid":749,"sid":1},{"pid":749,"sid":4},{"pid":749,"sid":3},{"pid":750,"sid":1},{"pid":751,"sid":1},{"pid":751,"sid":2},{"pid":751,"sid":4},{"pid":752,"sid":4},{"pid":752,"sid":2},{"pid":752,"sid":3},{"pid":753,"sid":2},{"pid":753,"sid":4},{"pid":753,"sid":1},{"pid":753,"sid":3},{"pid":754,"sid":2},{"pid":754,"sid":1},{"pid":754,"sid":3},{"pid":754,"sid":4},{"pid":755,"sid":1},{"pid":756,"sid":2},{"pid":756,"sid":4},{"pid":756,"sid":1},{"pid":757,"sid":1},{"pid":758,"sid":1},{"pid":758,"sid":4},{"pid":758,"sid":2},{"pid":759,"sid":1},{"pid":759,"sid":3},{"pid":760,"sid":4},{"pid":760,"sid":3},{"pid":760,"sid":1},{"pid":760,"sid":2},{"pid":761,"sid":3},{"pid":761,"sid":1},{"pid":761,"sid":2},{"pid":761,"sid":4},{"pid":762,"sid":1},{"pid":763,"sid":3},{"pid":764,"sid":3},{"pid":764,"sid":4},{"pid":764,"sid":1},{"pid":765,"sid":4},{"pid":765,"sid":3},{"pid":765,"sid":1},{"pid":766,"sid":3},{"pid":766,"sid":4},{"pid":766,"sid":1},{"pid":767,"sid":4},{"pid":768,"sid":1},{"pid":768,"sid":4},{"pid":768,"sid":3},{"pid":768,"sid":2},{"pid":769,"sid":4},{"pid":770,"sid":3},{"pid":770,"sid":4},{"pid":771,"sid":2},{"pid":772,"sid":4},{"pid":772,"sid":3},{"pid":772,"sid":1},{"pid":772,"sid":2},{"pid":773,"sid":3},{"pid":773,"sid":4},{"pid":773,"sid":2},{"pid":773,"sid":1},{"pid":774,"sid":2},{"pid":774,"sid":3},{"pid":774,"sid":1},{"pid":775,"sid":3},{"pid":776,"sid":2},{"pid":776,"sid":3},{"pid":776,"sid":4},{"pid":776,"sid":1},{"pid":777,"sid":3},{"pid":777,"sid":4},{"pid":777,"sid":1},{"pid":778,"sid":2},{"pid":778,"sid":1},{"pid":779,"sid":4},{"pid":779,"sid":1},{"pid":780,"sid":4},{"pid":780,"sid":3},{"pid":780,"sid":2},{"pid":781,"sid":2},{"pid":781,"sid":1},{"pid":782,"sid":4},{"pid":783,"sid":4},{"pid":783,"sid":2},{"pid":783,"sid":1},{"pid":784,"sid":2},{"pid":784,"sid":4},{"pid":784,"sid":1},{"pid":785,"sid":3},{"pid":785,"sid":4},{"pid":786,"sid":3},{"pid":786,"sid":2},{"pid":787,"sid":1},{"pid":787,"sid":2},{"pid":787,"sid":4},{"pid":787,"sid":3},{"pid":788,"sid":2},{"pid":789,"sid":3},{"pid":789,"sid":1},{"pid":789,"sid":4},{"pid":789,"sid":2},{"pid":790,"sid":1},{"pid":790,"sid":2},{"pid":790,"sid":3},{"pid":790,"sid":4},{"pid":791,"sid":1},{"pid":791,"sid":3},{"pid":791,"sid":2},{"pid":791,"sid":4},{"pid":792,"sid":3},{"pid":792,"sid":1},{"pid":792,"sid":4},{"pid":792,"sid":2},{"pid":793,"sid":3},{"pid":793,"sid":4},{"pid":793,"sid":1},{"pid":794,"sid":2},{"pid":794,"sid":3},{"pid":795,"sid":2},{"pid":796,"sid":2},{"pid":796,"sid":1},{"pid":796,"sid":3},{"pid":796,"sid":4},{"pid":797,"sid":4},{"pid":798,"sid":2},{"pid":798,"sid":4},{"pid":798,"sid":3},{"pid":798,"sid":1},{"pid":799,"sid":1},{"pid":799,"sid":3},{"pid":799,"sid":4},{"pid":799,"sid":2},{"pid":800,"sid":4},{"pid":800,"sid":1},{"pid":801,"sid":1},{"pid":801,"sid":4},{"pid":802,"sid":4},{"pid":802,"sid":1},{"pid":803,"sid":4},{"pid":804,"sid":1},{"pid":804,"sid":3},{"pid":804,"sid":2},{"pid":804,"sid":4},{"pid":805,"sid":3},{"pid":805,"sid":1},{"pid":806,"sid":3},{"pid":806,"sid":2},{"pid":807,"sid":2},{"pid":807,"sid":3},{"pid":807,"sid":1},{"pid":808,"sid":1},{"pid":809,"sid":4},{"pid":809,"sid":2},{"pid":810,"sid":1},{"pid":810,"sid":3},{"pid":810,"sid":2},{"pid":811,"sid":4},{"pid":811,"sid":1},{"pid":812,"sid":3},{"pid":812,"sid":4},{"pid":812,"sid":1},{"pid":813,"sid":3},{"pid":813,"sid":2},{"pid":814,"sid":2},{"pid":815,"sid":4},{"pid":815,"sid":2},{"pid":815,"sid":1},{"pid":815,"sid":3},{"pid":816,"sid":1},{"pid":817,"sid":4},{"pid":817,"sid":2},{"pid":817,"sid":3},{"pid":818,"sid":4},{"pid":818,"sid":2},{"pid":818,"sid":3},{"pid":818,"sid":1},{"pid":819,"sid":3},{"pid":819,"sid":1},{"pid":819,"sid":4},{"pid":819,"sid":2},{"pid":820,"sid":4},{"pid":820,"sid":3},{"pid":820,"sid":2},{"pid":820,"sid":1},{"pid":821,"sid":4},{"pid":821,"sid":1},{"pid":821,"sid":2},{"pid":822,"sid":1},{"pid":822,"sid":2},{"pid":823,"sid":3},{"pid":824,"sid":2},{"pid":825,"sid":3},{"pid":825,"sid":4},{"pid":826,"sid":2},{"pid":826,"sid":4},{"pid":826,"sid":1},{"pid":827,"sid":3},{"pid":827,"sid":1},{"pid":827,"sid":4},{"pid":828,"sid":3},{"pid":828,"sid":4},{"pid":829,"sid":1},{"pid":829,"sid":4},{"pid":829,"sid":3},{"pid":829,"sid":2},{"pid":830,"sid":4},{"pid":830,"sid":2},{"pid":830,"sid":1},{"pid":830,"sid":3},{"pid":831,"sid":1},{"pid":831,"sid":4},{"pid":831,"sid":2},{"pid":831,"sid":3},{"pid":832,"sid":2},{"pid":832,"sid":3},{"pid":833,"sid":1},{"pid":834,"sid":3},{"pid":835,"sid":2},{"pid":836,"sid":4},{"pid":836,"sid":3},{"pid":836,"sid":2},{"pid":837,"sid":3},{"pid":838,"sid":2},{"pid":838,"sid":3},{"pid":839,"sid":3},{"pid":839,"sid":1},{"pid":839,"sid":2},{"pid":840,"sid":3},{"pid":840,"sid":4},{"pid":840,"sid":2},{"pid":840,"sid":1},{"pid":841,"sid":3},{"pid":841,"sid":1},{"pid":841,"sid":2},{"pid":842,"sid":2},{"pid":843,"sid":2},{"pid":843,"sid":3},{"pid":843,"sid":4},{"pid":844,"sid":1},{"pid":844,"sid":4},{"pid":844,"sid":3},{"pid":844,"sid":2},{"pid":845,"sid":4},{"pid":845,"sid":1},{"pid":845,"sid":3},{"pid":845,"sid":2},{"pid":846,"sid":4},{"pid":847,"sid":4},{"pid":848,"sid":4},{"pid":848,"sid":2},{"pid":849,"sid":3},{"pid":849,"sid":4},{"pid":850,"sid":2},{"pid":850,"sid":3},{"pid":851,"sid":2},{"pid":851,"sid":3},{"pid":852,"sid":2},{"pid":852,"sid":4},{"pid":852,"sid":1},{"pid":853,"sid":4},{"pid":853,"sid":1},{"pid":853,"sid":3},{"pid":853,"sid":2},{"pid":854,"sid":1},{"pid":854,"sid":4},{"pid":854,"sid":2},{"pid":854,"sid":3},{"pid":855,"sid":4},{"pid":856,"sid":2},{"pid":856,"sid":4},{"pid":856,"sid":3},{"pid":856,"sid":1},{"pid":857,"sid":1},{"pid":858,"sid":4},{"pid":858,"sid":2},{"pid":858,"sid":3},{"pid":859,"sid":3},{"pid":859,"sid":2},{"pid":860,"sid":2},{"pid":861,"sid":1},{"pid":862,"sid":4},{"pid":862,"sid":3},{"pid":862,"sid":1},{"pid":863,"sid":3},{"pid":863,"sid":2},{"pid":863,"sid":1},{"pid":864,"sid":3},{"pid":864,"sid":4},{"pid":865,"sid":3},{"pid":865,"sid":4},{"pid":865,"sid":1},{"pid":866,"sid":3},{"pid":867,"sid":2},{"pid":867,"sid":3},{"pid":868,"sid":3},{"pid":868,"sid":2},{"pid":869,"sid":4},{"pid":870,"sid":2},{"pid":870,"sid":1},{"pid":871,"sid":2},{"pid":872,"sid":4},{"pid":872,"sid":3},{"pid":872,"sid":1},{"pid":873,"sid":4},{"pid":873,"sid":2},{"pid":873,"sid":1},{"pid":874,"sid":4},{"pid":875,"sid":3},{"pid":876,"sid":2},{"pid":876,"sid":3},{"pid":876,"sid":4},{"pid":877,"sid":2},{"pid":877,"sid":3},{"pid":877,"sid":1},{"pid":877,"sid":4},{"pid":878,"sid":4},{"pid":879,"sid":3},{"pid":879,"sid":1},{"pid":879,"sid":2},{"pid":880,"sid":4},{"pid":880,"sid":3},{"pid":880,"sid":1},{"pid":880,"sid":2},{"pid":881,"sid":3},{"pid":881,"sid":2},{"pid":882,"sid":3},{"pid":882,"sid":2},{"pid":882,"sid":4},{"pid":883,"sid":4},{"pid":883,"sid":3},{"pid":883,"sid":1},{"pid":884,"sid":1},{"pid":884,"sid":3},{"pid":885,"sid":4},{"pid":886,"sid":3},{"pid":886,"sid":2},{"pid":886,"sid":1},{"pid":886,"sid":4},{"pid":887,"sid":4},{"pid":887,"sid":3},{"pid":887,"sid":2},{"pid":887,"sid":1},{"pid":888,"sid":2},{"pid":888,"sid":3},{"pid":889,"sid":1},{"pid":890,"sid":3},{"pid":890,"sid":1},{"pid":890,"sid":4},{"pid":890,"sid":2},{"pid":891,"sid":2},{"pid":891,"sid":1},{"pid":891,"sid":4},{"pid":892,"sid":4},{"pid":892,"sid":2},{"pid":892,"sid":3},{"pid":892,"sid":1},{"pid":893,"sid":4},{"pid":893,"sid":3},{"pid":893,"sid":2},{"pid":893,"sid":1},{"pid":894,"sid":4},{"pid":894,"sid":3},{"pid":895,"sid":1},{"pid":895,"sid":3},{"pid":895,"sid":2},{"pid":896,"sid":4},{"pid":896,"sid":3},{"pid":896,"sid":1},{"pid":896,"sid":2},{"pid":897,"sid":3},{"pid":897,"sid":1},{"pid":897,"sid":4},{"pid":897,"sid":2},{"pid":898,"sid":3},{"pid":898,"sid":2},{"pid":899,"sid":3},{"pid":899,"sid":4},{"pid":899,"sid":1},{"pid":900,"sid":1},{"pid":901,"sid":1},{"pid":901,"sid":2},{"pid":901,"sid":4},{"pid":902,"sid":4},{"pid":902,"sid":2},{"pid":902,"sid":3},{"pid":903,"sid":3},{"pid":904,"sid":3},{"pid":904,"sid":1},{"pid":904,"sid":4},{"pid":905,"sid":4},{"pid":905,"sid":2},{"pid":906,"sid":4},{"pid":906,"sid":2},{"pid":906,"sid":1},{"pid":906,"sid":3},{"pid":907,"sid":3},{"pid":907,"sid":2},{"pid":907,"sid":1},{"pid":907,"sid":4},{"pid":908,"sid":1},{"pid":908,"sid":3},{"pid":909,"sid":3},{"pid":909,"sid":2},{"pid":909,"sid":1},{"pid":909,"sid":4},{"pid":910,"sid":1},{"pid":910,"sid":4},{"pid":911,"sid":1},{"pid":911,"sid":4},{"pid":911,"sid":2},{"pid":912,"sid":3},{"pid":913,"sid":4},{"pid":913,"sid":1},{"pid":914,"sid":1},{"pid":914,"sid":3},{"pid":915,"sid":3},{"pid":915,"sid":2},{"pid":915,"sid":4},{"pid":916,"sid":3},{"pid":917,"sid":1},{"pid":918,"sid":2},{"pid":919,"sid":4},{"pid":920,"sid":2},{"pid":920,"sid":3},{"pid":920,"sid":1},{"pid":921,"sid":4},{"pid":921,"sid":3},{"pid":922,"sid":2},{"pid":923,"sid":3},{"pid":923,"sid":2},{"pid":923,"sid":4},{"pid":924,"sid":4},{"pid":924,"sid":1},{"pid":925,"sid":4},{"pid":926,"sid":4},{"pid":926,"sid":3},{"pid":927,"sid":3},{"pid":927,"sid":1},{"pid":927,"sid":2},{"pid":928,"sid":3},{"pid":928,"sid":4},{"pid":929,"sid":1},{"pid":929,"sid":2},{"pid":930,"sid":1},{"pid":930,"sid":4},{"pid":931,"sid":4},{"pid":931,"sid":2},{"pid":931,"sid":1},{"pid":932,"sid":2},{"pid":932,"sid":3},{"pid":932,"sid":1},{"pid":933,"sid":3},{"pid":933,"sid":1},{"pid":933,"sid":2},{"pid":934,"sid":1},{"pid":935,"sid":4},{"pid":935,"sid":3},{"pid":935,"sid":1},{"pid":936,"sid":4},{"pid":936,"sid":3},{"pid":937,"sid":3},{"pid":937,"sid":4},{"pid":937,"sid":2},{"pid":937,"sid":1},{"pid":938,"sid":4},{"pid":938,"sid":2},{"pid":938,"sid":1},{"pid":939,"sid":2},{"pid":939,"sid":3},{"pid":939,"sid":4},{"pid":940,"sid":2},{"pid":940,"sid":4},{"pid":941,"sid":2},{"pid":942,"sid":2},{"pid":942,"sid":4},{"pid":942,"sid":3},{"pid":942,"sid":1},{"pid":943,"sid":4},{"pid":943,"sid":2},{"pid":944,"sid":1},{"pid":944,"sid":2},{"pid":944,"sid":4},{"pid":945,"sid":2},{"pid":945,"sid":3},{"pid":945,"sid":4},{"pid":945,"sid":1},{"pid":946,"sid":1},{"pid":946,"sid":2},{"pid":946,"sid":3},{"pid":947,"sid":4},{"pid":948,"sid":2},{"pid":948,"sid":1},{"pid":948,"sid":3},{"pid":948,"sid":4},{"pid":949,"sid":3},{"pid":950,"sid":1},{"pid":950,"sid":2},{"pid":950,"sid":3},{"pid":951,"sid":3},{"pid":951,"sid":4},{"pid":951,"sid":1},{"pid":951,"sid":2},{"pid":952,"sid":3},{"pid":952,"sid":4},{"pid":952,"sid":1},{"pid":952,"sid":2},{"pid":953,"sid":4},{"pid":953,"sid":3},{"pid":954,"sid":3},{"pid":954,"sid":1},{"pid":954,"sid":4},{"pid":955,"sid":3},{"pid":955,"sid":4},{"pid":955,"sid":2},{"pid":956,"sid":4},{"pid":956,"sid":2},{"pid":956,"sid":3},{"pid":957,"sid":1},{"pid":957,"sid":2},{"pid":958,"sid":1},{"pid":958,"sid":2},{"pid":958,"sid":4},{"pid":958,"sid":3},{"pid":959,"sid":3},{"pid":959,"sid":2},{"pid":960,"sid":1},{"pid":960,"sid":4},{"pid":960,"sid":3},{"pid":960,"sid":2},{"pid":961,"sid":4},{"pid":961,"sid":3},{"pid":961,"sid":1},{"pid":961,"sid":2},{"pid":962,"sid":1},{"pid":962,"sid":2},{"pid":963,"sid":4},{"pid":964,"sid":4},{"pid":964,"sid":1},{"pid":964,"sid":3},{"pid":964,"sid":2},{"pid":965,"sid":2},{"pid":966,"sid":2},{"pid":966,"sid":1},{"pid":966,"sid":4},{"pid":966,"sid":3},{"pid":967,"sid":2},{"pid":967,"sid":3},{"pid":967,"sid":1},{"pid":967,"sid":4},{"pid":968,"sid":4},{"pid":968,"sid":1},{"pid":969,"sid":4},{"pid":969,"sid":3},{"pid":969,"sid":2},{"pid":970,"sid":2},{"pid":970,"sid":4},{"pid":971,"sid":3},{"pid":971,"sid":2},{"pid":971,"sid":1},{"pid":971,"sid":4},{"pid":972,"sid":3},{"pid":972,"sid":4},{"pid":972,"sid":2},{"pid":972,"sid":1},{"pid":973,"sid":3},{"pid":973,"sid":1},{"pid":973,"sid":2},{"pid":973,"sid":4},{"pid":974,"sid":1},{"pid":974,"sid":2},{"pid":974,"sid":4},{"pid":975,"sid":1},{"pid":976,"sid":4},{"pid":976,"sid":3},{"pid":976,"sid":1},{"pid":976,"sid":2},{"pid":977,"sid":3},{"pid":977,"sid":1},{"pid":978,"sid":3},{"pid":978,"sid":1},{"pid":979,"sid":1},{"pid":979,"sid":3},{"pid":979,"sid":4},{"pid":980,"sid":4},{"pid":981,"sid":1},{"pid":981,"sid":4},{"pid":981,"sid":3},{"pid":981,"sid":2},{"pid":982,"sid":4},{"pid":983,"sid":1},{"pid":984,"sid":2},{"pid":985,"sid":4},{"pid":986,"sid":1},{"pid":986,"sid":3},{"pid":986,"sid":4},{"pid":986,"sid":2},{"pid":987,"sid":4},{"pid":987,"sid":3},{"pid":987,"sid":2},{"pid":988,"sid":4},{"pid":988,"sid":3},{"pid":988,"sid":2},{"pid":989,"sid":1},{"pid":989,"sid":3},{"pid":989,"sid":2},{"pid":990,"sid":3},{"pid":991,"sid":3},{"pid":991,"sid":2},{"pid":992,"sid":3},{"pid":992,"sid":2},{"pid":993,"sid":1},{"pid":994,"sid":2},{"pid":994,"sid":3},{"pid":994,"sid":1},{"pid":994,"sid":4},{"pid":995,"sid":1},{"pid":995,"sid":3},{"pid":996,"sid":3},{"pid":997,"sid":4},{"pid":998,"sid":4},{"pid":998,"sid":2},{"pid":999,"sid":4},{"pid":1000,"sid":4},{"pid":1000,"sid":3},{"pid":1000,"sid":1},{"pid":1000,"sid":2}]