[
  {
    "id": 1,
    "sn": "09fdab8a-6185-4484-8bea-c47d85647d8b",
    "name": "Modern Frozen Salad - PUMA 慢跑鞋",
    "photos": "t5.jpg,t4.jpg,t1.jpg",
    "stock": 90,
    "price": 1600,
    "info": "The beautiful range of Apple Naturalé that has an exciting mix of natural ingredients. With the Goodness of 100% Natural Ingredients",
    "brand_id": 3,
    "cat_id": 9,
    "color": "2,3,4,1",
    "tag": "2,1",
    "size": "3,4,1,2"
  },
  {
    "id": 2,
    "sn": "da94bfac-49e7-490e-b02b-7412e5942d0c",
    "name": "Ergonomic Granite Bike - New Balance 長袖上衣",
    "photos": "t4.jpg,t5.jpg,t1.jpg",
    "stock": 20,
    "price": 6900,
    "info": "The slim & simple Maple Gaming Keyboard from Dev Byte comes with a sleek body and 7- Color RGB LED Back-lighting for smart functionality",
    "brand_id": 4,
    "cat_id": 6,
    "color": "1,4,3,2",
    "tag": "2",
    "size": "3"
  },
  {
    "id": 3,
    "sn": "e21f9142-7dbd-4094-aca1-69405e0aefe7",
    "name": "Recycled Steel Mouse - New Balance 短袖上衣",
    "photos": "t1.jpg,t4.jpg,t3.jpg",
    "stock": 90,
    "price": 8900,
    "info": "Carbonite web goalkeeper gloves are ergonomically designed to give easy fit",
    "brand_id": 4,
    "cat_id": 4,
    "color": "2,3,1",
    "tag": "3,2",
    "size": "3,2,1"
  },
  {
    "id": 4,
    "sn": "e6050922-e074-430b-b4ad-235c9d7ce43a",
    "name": "Unbranded Frozen Chicken - adidas 長袖上衣",
    "photos": "t1.jpg,t5.jpg,t4.jpg",
    "stock": 20,
    "price": 10500,
    "info": "Boston's most advanced compression wear technology increases muscle oxygenation, stabilizes active muscles",
    "brand_id": 2,
    "cat_id": 6,
    "color": "4",
    "tag": "2,3",
    "size": "2"
  },
  {
    "id": 5,
    "sn": "1aa6729e-52d3-4771-9744-ee8008d4ccdd",
    "name": "Luxurious Cotton Fish - adidas 包款",
    "photos": "t1.jpg,t3.jpg,t2.jpg",
    "stock": 70,
    "price": 3100,
    "info": "The Nagasaki Lander is the trademarked name of several series of Nagasaki sport bikes, that started with the 1984 ABC800J",
    "brand_id": 2,
    "cat_id": 11,
    "color": "1,4,3",
    "tag": "1",
    "size": "3,2,4"
  },
  {
    "id": 6,
    "sn": "bcda2244-cc91-4cb6-ada8-cd19dc4822a0",
    "name": "Unbranded Wooden Gloves - Nike 外套",
    "photos": "t1.jpg,t3.jpg,t5.jpg",
    "stock": 80,
    "price": 3500,
    "info": "New ABC 13 9370, 13.3, 5th Gen CoreA5-8250U, 8GB RAM, 256GB SSD, power UHD Graphics, OS 10 Home, OS Office A & J 2016",
    "brand_id": 1,
    "cat_id": 8,
    "color": "3,1",
    "tag": "4",
    "size": "4,1,3,2"
  },
  {
    "id": 7,
    "sn": "d769fb3e-9bd4-4003-8608-0ec6583d99ac",
    "name": "Generic Wooden Table - Nike 包款",
    "photos": "t5.jpg,t4.jpg,t3.jpg",
    "stock": 70,
    "price": 2000,
    "info": "The beautiful range of Apple Naturalé that has an exciting mix of natural ingredients. With the Goodness of 100% Natural Ingredients",
    "brand_id": 1,
    "cat_id": 11,
    "color": "3,4,2",
    "tag": "2,3",
    "size": "3,2"
  },
  {
    "id": 8,
    "sn": "1f9e5ca6-4384-49b7-ad21-484fb6e6fa4c",
    "name": "Modern Frozen Chicken - New Balance 長褲",
    "photos": "t1.jpg,t4.jpg,t3.jpg",
    "stock": 20,
    "price": 7100,
    "info": "Ergonomic executive chair upholstered in bonded black leather and PVC padded seat and back for all-day comfort and support",
    "brand_id": 4,
    "cat_id": 7,
    "color": "2,1,4,3",
    "tag": "4",
    "size": "1,4,2"
  },
  {
    "id": 9,
    "sn": "1981df3d-99dc-4cba-a62e-ee015a51a19e",
    "name": "Generic Concrete Pants - Nike 長袖上衣",
    "photos": "t4.jpg,t2.jpg,t3.jpg",
    "stock": 70,
    "price": 5200,
    "info": "New range of formal shirts are designed keeping you in mind. With fits and styling that will make you stand apart",
    "brand_id": 1,
    "cat_id": 6,
    "color": "4,3",
    "tag": "1,2,3",
    "size": "1,2,3"
  },
  {
    "id": 10,
    "sn": "bf8f24e7-93cb-4f0d-913f-605acaff63b0",
    "name": "Gorgeous Frozen Chips - New Balance 慢跑鞋",
    "photos": "t2.jpg,t3.jpg,t5.jpg",
    "stock": 80,
    "price": 9300,
    "info": "Ergonomic executive chair upholstered in bonded black leather and PVC padded seat and back for all-day comfort and support",
    "brand_id": 4,
    "cat_id": 9,
    "color": "2,1,4,3",
    "tag": "3",
    "size": "4"
  },
  {
    "id": 11,
    "sn": "9d3d8186-93fc-4e3a-988d-d3ba7ce2855e",
    "name": "Tasty Metal Shirt - adidas 短袖上衣",
    "photos": "t3.jpg,t4.jpg,t5.jpg",
    "stock": 10,
    "price": 14200,
    "info": "Ergonomic executive chair upholstered in bonded black leather and PVC padded seat and back for all-day comfort and support",
    "brand_id": 2,
    "cat_id": 4,
    "color": "1,3",
    "tag": "2,1",
    "size": "3,2"
  },
  {
    "id": 12,
    "sn": "ac290ebb-b209-4ca1-950b-34a0bbcad50e",
    "name": "Incredible Plastic Gloves - adidas 包款",
    "photos": "t4.jpg,t2.jpg,t3.jpg",
    "stock": 20,
    "price": 5800,
    "info": "Ergonomic executive chair upholstered in bonded black leather and PVC padded seat and back for all-day comfort and support",
    "brand_id": 2,
    "cat_id": 11,
    "color": "4,3,1,2",
    "tag": "2,1,4",
    "size": "4"
  },
  {
    "id": 13,
    "sn": "51b524c9-1a74-4f39-906f-f7c2f3ff18c2",
    "name": "Awesome Bronze Salad - adidas 帽類",
    "photos": "t4.jpg,t5.jpg,t2.jpg",
    "stock": 40,
    "price": 13600,
    "info": "Boston's most advanced compression wear technology increases muscle oxygenation, stabilizes active muscles",
    "brand_id": 2,
    "cat_id": 12,
    "color": "3",
    "tag": "1",
    "size": "1,2,3"
  },
  {
    "id": 14,
    "sn": "9b8ce649-dc17-49e7-ba89-ab15fad6f507",
    "name": "Incredible Metal Salad - New Balance 包款",
    "photos": "t5.jpg,t2.jpg,t1.jpg",
    "stock": 60,
    "price": 15000,
    "info": "Boston's most advanced compression wear technology increases muscle oxygenation, stabilizes active muscles",
    "brand_id": 4,
    "cat_id": 11,
    "color": "4,1,2",
    "tag": "3,2,4",
    "size": "3,4"
  },
  {
    "id": 15,
    "sn": "8b9db0b6-a72d-4e69-b6fa-d31acc3e5730",
    "name": "Oriental Fresh Towels - PUMA 籃球鞋",
    "photos": "t4.jpg,t1.jpg,t2.jpg",
    "stock": 40,
    "price": 10900,
    "info": "New range of formal shirts are designed keeping you in mind. With fits and styling that will make you stand apart",
    "brand_id": 3,
    "cat_id": 10,
    "color": "1,3,4,2",
    "tag": "3,4",
    "size": "3,1"
  },
  {
    "id": 16,
    "sn": "1e5ce23f-0898-4015-83be-e825cab5925c",
    "name": "Oriental Rubber Chips - New Balance 外套",
    "photos": "t4.jpg,t1.jpg,t2.jpg",
    "stock": 90,
    "price": 9400,
    "info": "New range of formal shirts are designed keeping you in mind. With fits and styling that will make you stand apart",
    "brand_id": 4,
    "cat_id": 8,
    "color": "1",
    "tag": "2,3,1",
    "size": "1"
  },
  {
    "id": 17,
    "sn": "99035f9a-813a-47f0-9b8d-f76dd8c68ca4",
    "name": "Fantastic Frozen Towels - New Balance 包款",
    "photos": "t5.jpg,t4.jpg,t3.jpg",
    "stock": 70,
    "price": 13000,
    "info": "The beautiful range of Apple Naturalé that has an exciting mix of natural ingredients. With the Goodness of 100% Natural Ingredients",
    "brand_id": 4,
    "cat_id": 11,
    "color": "1",
    "tag": "1",
    "size": "2,3"
  },
  {
    "id": 18,
    "sn": "cebcf037-4506-4891-8aeb-f8b2ab0ae79f",
    "name": "Unbranded Soft Mouse - New Balance 短袖上衣",
    "photos": "t1.jpg,t3.jpg,t2.jpg",
    "stock": 100,
    "price": 15000,
    "info": "Ergonomic executive chair upholstered in bonded black leather and PVC padded seat and back for all-day comfort and support",
    "brand_id": 4,
    "cat_id": 4,
    "color": "4,2,3,1",
    "tag": "2,4",
    "size": "4,2"
  },
  {
    "id": 19,
    "sn": "4a6c704b-8d09-4db2-86b9-cd9f36e8fbc3",
    "name": "Intelligent Soft Cheese - Nike 慢跑鞋",
    "photos": "t3.jpg,t2.jpg,t4.jpg",
    "stock": 70,
    "price": 8900,
    "info": "The Football Is Good For Training And Recreational Purposes",
    "brand_id": 1,
    "cat_id": 9,
    "color": "2,4",
    "tag": "4,1,3",
    "size": "2"
  },
  {
    "id": 20,
    "sn": "de8f1642-24eb-42d3-9bc0-9dee8e6a143c",
    "name": "Gorgeous Wooden Table - PUMA 長袖上衣",
    "photos": "t2.jpg,t1.jpg,t3.jpg",
    "stock": 60,
    "price": 14700,
    "info": "Boston's most advanced compression wear technology increases muscle oxygenation, stabilizes active muscles",
    "brand_id": 3,
    "cat_id": 6,
    "color": "2,1",
    "tag": "1,4",
    "size": "1,3,4"
  },
  {
    "id": 21,
    "sn": "03694c9a-a0c2-41be-8466-5a01cc1432d1",
    "name": "Ergonomic Cotton Fish - adidas 長袖上衣",
    "photos": "t3.jpg,t2.jpg,t1.jpg",
    "stock": 20,
    "price": 13300,
    "info": "New range of formal shirts are designed keeping you in mind. With fits and styling that will make you stand apart",
    "brand_id": 2,
    "cat_id": 6,
    "color": "3,2,4,1",
    "tag": "2,3,4",
    "size": "2,1,4,3"
  },
  {
    "id": 22,
    "sn": "2443bb8d-c63c-46e6-bf5f-c0dc4ed058d9",
    "name": "Elegant Soft Bacon - New Balance 慢跑鞋",
    "photos": "t4.jpg,t1.jpg,t5.jpg",
    "stock": 40,
    "price": 13800,
    "info": "The Football Is Good For Training And Recreational Purposes",
    "brand_id": 4,
    "cat_id": 9,
    "color": "1,4,3",
    "tag": "4,1",
    "size": "3,4"
  },
  {
    "id": 23,
    "sn": "8625cdd1-aac1-41d7-b36a-f24ad277a321",
    "name": "Licensed Bronze Bacon - New Balance 短褲",
    "photos": "t3.jpg,t1.jpg,t2.jpg",
    "stock": 60,
    "price": 13300,
    "info": "Andy shoes are designed to keeping in mind durability as well as trends, the most stylish range of shoes & sandals",
    "brand_id": 4,
    "cat_id": 5,
    "color": "2,4,1,3",
    "tag": "4,3",
    "size": "2"
  },
  {
    "id": 24,
    "sn": "939a82f0-3d8d-4793-ae15-05a381e1f0cf",
    "name": "Awesome Rubber Cheese - Nike 短袖上衣",
    "photos": "t2.jpg,t4.jpg,t1.jpg",
    "stock": 100,
    "price": 3500,
    "info": "The Apollotech B340 is an affordable wireless mouse with reliable connectivity, 12 months battery life and modern design",
    "brand_id": 1,
    "cat_id": 4,
    "color": "3",
    "tag": "3,1",
    "size": "3,2"
  },
  {
    "id": 25,
    "sn": "0d9458f8-a8d1-4f8e-8d26-8ebc53c4f7ec",
    "name": "Fantastic Soft Computer - adidas 外套",
    "photos": "t5.jpg,t4.jpg,t1.jpg",
    "stock": 10,
    "price": 11500,
    "info": "Ergonomic executive chair upholstered in bonded black leather and PVC padded seat and back for all-day comfort and support",
    "brand_id": 2,
    "cat_id": 8,
    "color": "3",
    "tag": "1,2",
    "size": "1,4"
  },
  {
    "id": 26,
    "sn": "9c39c5dc-6de1-409d-86d9-7460fce2f3e6",
    "name": "Recycled Plastic Gloves - New Balance 籃球鞋",
    "photos": "t1.jpg,t5.jpg,t2.jpg",
    "stock": 60,
    "price": 4000,
    "info": "New range of formal shirts are designed keeping you in mind. With fits and styling that will make you stand apart",
    "brand_id": 4,
    "cat_id": 10,
    "color": "2,4,1",
    "tag": "2,4,3",
    "size": "4"
  },
  {
    "id": 27,
    "sn": "77f58eca-d39a-40cc-8d00-ddfbf034b14a",
    "name": "Rustic Rubber Table - Nike 長袖上衣",
    "photos": "t5.jpg,t2.jpg,t4.jpg",
    "stock": 20,
    "price": 5600,
    "info": "Ergonomic executive chair upholstered in bonded black leather and PVC padded seat and back for all-day comfort and support",
    "brand_id": 1,
    "cat_id": 6,
    "color": "2",
    "tag": "2",
    "size": "2"
  },
  {
    "id": 28,
    "sn": "6d779db6-1f49-4791-886f-1e10396cc453",
    "name": "Licensed Soft Keyboard - Nike 短褲",
    "photos": "t5.jpg,t2.jpg,t3.jpg",
    "stock": 20,
    "price": 7900,
    "info": "New range of formal shirts are designed keeping you in mind. With fits and styling that will make you stand apart",
    "brand_id": 1,
    "cat_id": 5,
    "color": "4,1",
    "tag": "2",
    "size": "3"
  },
  {
    "id": 29,
    "sn": "215b7f08-4290-4832-963d-3423cdd38509",
    "name": "Tasty Wooden Computer - Nike 長褲",
    "photos": "t1.jpg,t4.jpg,t5.jpg",
    "stock": 90,
    "price": 10200,
    "info": "Ergonomic executive chair upholstered in bonded black leather and PVC padded seat and back for all-day comfort and support",
    "brand_id": 1,
    "cat_id": 7,
    "color": "3,4,2",
    "tag": "2,1",
    "size": "3,4,1"
  },
  {
    "id": 30,
    "sn": "2b7c7e96-8759-45c4-8756-3683f2f5d1b7",
    "name": "Bespoke Frozen Salad - PUMA 外套",
    "photos": "t5.jpg,t1.jpg,t2.jpg",
    "stock": 40,
    "price": 14200,
    "info": "Boston's most advanced compression wear technology increases muscle oxygenation, stabilizes active muscles",
    "brand_id": 3,
    "cat_id": 8,
    "color": "3,4",
    "tag": "2,1",
    "size": "4,2"
  },
  {
    "id": 31,
    "sn": "fefdc1f5-4ba2-455a-9a41-27553b20e16b",
    "name": "Intelligent Granite Hat - adidas 長袖上衣",
    "photos": "t5.jpg,t3.jpg,t2.jpg",
    "stock": 50,
    "price": 8800,
    "info": "The Football Is Good For Training And Recreational Purposes",
    "brand_id": 2,
    "cat_id": 6,
    "color": "1,4",
    "tag": "3",
    "size": "1,4,2"
  },
  {
    "id": 32,
    "sn": "2a8ad795-ca36-4ee8-a4e3-11eedff49c69",
    "name": "Rustic Rubber Chair - PUMA 長褲",
    "photos": "t1.jpg,t5.jpg,t2.jpg",
    "stock": 100,
    "price": 7900,
    "info": "The slim & simple Maple Gaming Keyboard from Dev Byte comes with a sleek body and 7- Color RGB LED Back-lighting for smart functionality",
    "brand_id": 3,
    "cat_id": 7,
    "color": "1",
    "tag": "3,2,4",
    "size": "4,1,2"
  },
  {
    "id": 33,
    "sn": "78a04ca8-edd3-4944-ab0f-b7ad46d56035",
    "name": "Refined Steel Sausages - New Balance 長袖上衣",
    "photos": "t2.jpg,t4.jpg,t3.jpg",
    "stock": 60,
    "price": 8300,
    "info": "The slim & simple Maple Gaming Keyboard from Dev Byte comes with a sleek body and 7- Color RGB LED Back-lighting for smart functionality",
    "brand_id": 4,
    "cat_id": 6,
    "color": "4,1,2",
    "tag": "1,2,4",
    "size": "4,2,3"
  },
  {
    "id": 34,
    "sn": "bcfcb7ad-3a1a-4583-a098-0fbe287915e6",
    "name": "Bespoke Wooden Sausages - adidas 長褲",
    "photos": "t1.jpg,t3.jpg,t2.jpg",
    "stock": 40,
    "price": 8300,
    "info": "Andy shoes are designed to keeping in mind durability as well as trends, the most stylish range of shoes & sandals",
    "brand_id": 2,
    "cat_id": 7,
    "color": "1,4,3,2",
    "tag": "2",
    "size": "1,2,3"
  },
  {
    "id": 35,
    "sn": "c277a514-b74a-4b6b-9424-0fd029a6ec2b",
    "name": "Elegant Wooden Shoes - Nike 長褲",
    "photos": "t5.jpg,t1.jpg,t2.jpg",
    "stock": 20,
    "price": 9200,
    "info": "The Football Is Good For Training And Recreational Purposes",
    "brand_id": 1,
    "cat_id": 7,
    "color": "2",
    "tag": "4",
    "size": "2,1,4"
  },
  {
    "id": 36,
    "sn": "d37f606a-5951-4052-bba5-b89f8b791bb3",
    "name": "Refined Wooden Salad - Nike 帽類",
    "photos": "t3.jpg,t4.jpg,t2.jpg",
    "stock": 70,
    "price": 14700,
    "info": "Andy shoes are designed to keeping in mind durability as well as trends, the most stylish range of shoes & sandals",
    "brand_id": 1,
    "cat_id": 12,
    "color": "3,1,4,2",
    "tag": "4,2",
    "size": "3,2,4"
  },
  {
    "id": 37,
    "sn": "5002d55c-dd42-4f24-b9bd-9815ac8267c4",
    "name": "Fantastic Concrete Tuna - PUMA 短袖上衣",
    "photos": "t3.jpg,t1.jpg,t5.jpg",
    "stock": 80,
    "price": 4300,
    "info": "The Apollotech B340 is an affordable wireless mouse with reliable connectivity, 12 months battery life and modern design",
    "brand_id": 3,
    "cat_id": 4,
    "color": "2,3",
    "tag": "2,4,3",
    "size": "2,3,4"
  },
  {
    "id": 38,
    "sn": "b7580be4-d3f6-4f95-82b3-c930c652c91f",
    "name": "Unbranded Frozen Shoes - Nike 帽類",
    "photos": "t4.jpg,t1.jpg,t2.jpg",
    "stock": 30,
    "price": 2100,
    "info": "The Nagasaki Lander is the trademarked name of several series of Nagasaki sport bikes, that started with the 1984 ABC800J",
    "brand_id": 1,
    "cat_id": 12,
    "color": "1,2",
    "tag": "2",
    "size": "4"
  },
  {
    "id": 39,
    "sn": "97bfb07d-cbd1-4bc2-9e9d-95b8000b8355",
    "name": "Refined Cotton Mouse - adidas 長袖上衣",
    "photos": "t5.jpg,t3.jpg,t1.jpg",
    "stock": 70,
    "price": 7800,
    "info": "New range of formal shirts are designed keeping you in mind. With fits and styling that will make you stand apart",
    "brand_id": 2,
    "cat_id": 6,
    "color": "3",
    "tag": "1",
    "size": "2"
  },
  {
    "id": 40,
    "sn": "cb0938c8-3b66-4bb5-bdff-63bbbf73265d",
    "name": "Recycled Bronze Sausages - New Balance 長褲",
    "photos": "t1.jpg,t4.jpg,t3.jpg",
    "stock": 70,
    "price": 6700,
    "info": "Carbonite web goalkeeper gloves are ergonomically designed to give easy fit",
    "brand_id": 4,
    "cat_id": 7,
    "color": "3,2,1,4",
    "tag": "4,1,3",
    "size": "4,3,2,1"
  },
  {
    "id": 41,
    "sn": "1d1afa1b-2d0f-4d15-b580-85b1f4205bff",
    "name": "Handcrafted Plastic Salad - New Balance 外套",
    "photos": "t2.jpg,t5.jpg,t1.jpg",
    "stock": 50,
    "price": 14300,
    "info": "New ABC 13 9370, 13.3, 5th Gen CoreA5-8250U, 8GB RAM, 256GB SSD, power UHD Graphics, OS 10 Home, OS Office A & J 2016",
    "brand_id": 4,
    "cat_id": 8,
    "color": "1,3,2,4",
    "tag": "4,2,1",
    "size": "2,3,1"
  },
  {
    "id": 42,
    "sn": "e724b66a-f7d3-4c5e-8c2b-bf37ecaa2a6a",
    "name": "Gorgeous Cotton Table - PUMA 包款",
    "photos": "t4.jpg,t2.jpg,t5.jpg",
    "stock": 20,
    "price": 12000,
    "info": "The Nagasaki Lander is the trademarked name of several series of Nagasaki sport bikes, that started with the 1984 ABC800J",
    "brand_id": 3,
    "cat_id": 11,
    "color": "3,2,1",
    "tag": "2",
    "size": "4,2"
  },
  {
    "id": 43,
    "sn": "5950430c-e7e2-401d-8d7e-d09dcec2e51f",
    "name": "Oriental Plastic Shirt - PUMA 長褲",
    "photos": "t1.jpg,t2.jpg,t5.jpg",
    "stock": 20,
    "price": 5100,
    "info": "New range of formal shirts are designed keeping you in mind. With fits and styling that will make you stand apart",
    "brand_id": 3,
    "cat_id": 7,
    "color": "4,1,3,2",
    "tag": "3,2",
    "size": "1"
  },
  {
    "id": 44,
    "sn": "6fb1a6f3-cd9e-4dd5-9b31-b24bb56480e0",
    "name": "Licensed Concrete Chair - New Balance 短袖上衣",
    "photos": "t4.jpg,t2.jpg,t1.jpg",
    "stock": 80,
    "price": 13300,
    "info": "Carbonite web goalkeeper gloves are ergonomically designed to give easy fit",
    "brand_id": 4,
    "cat_id": 4,
    "color": "3,1",
    "tag": "1",
    "size": "1"
  },
  {
    "id": 45,
    "sn": "3963664d-68a6-4a80-832d-3674ca19c0a6",
    "name": "Refined Cotton Chips - PUMA 長袖上衣",
    "photos": "t5.jpg,t1.jpg,t4.jpg",
    "stock": 10,
    "price": 5300,
    "info": "The Football Is Good For Training And Recreational Purposes",
    "brand_id": 3,
    "cat_id": 6,
    "color": "4,2,1",
    "tag": "4,2",
    "size": "2,3"
  },
  {
    "id": 46,
    "sn": "b205aeca-a83a-47ca-8c18-bc0db6f35468",
    "name": "Modern Granite Pizza - PUMA 長袖上衣",
    "photos": "t3.jpg,t2.jpg,t5.jpg",
    "stock": 50,
    "price": 4900,
    "info": "The automobile layout consists of a front-engine design, with transaxle-type transmissions mounted at the rear of the engine and four wheel drive",
    "brand_id": 3,
    "cat_id": 6,
    "color": "2,4,1,3",
    "tag": "4,2,1",
    "size": "3,1,4,2"
  },
  {
    "id": 47,
    "sn": "6670b79a-468f-4e74-9694-690f28bf817a",
    "name": "Sleek Rubber Chair - adidas 外套",
    "photos": "t1.jpg,t5.jpg,t2.jpg",
    "stock": 40,
    "price": 9900,
    "info": "The beautiful range of Apple Naturalé that has an exciting mix of natural ingredients. With the Goodness of 100% Natural Ingredients",
    "brand_id": 2,
    "cat_id": 8,
    "color": "3,2,1,4",
    "tag": "3,1",
    "size": "4,3"
  },
  {
    "id": 48,
    "sn": "3b020103-5123-4def-a8e3-b1c9bdb72ff8",
    "name": "Fantastic Cotton Ball - adidas 長袖上衣",
    "photos": "t3.jpg,t4.jpg,t2.jpg",
    "stock": 40,
    "price": 3100,
    "info": "The automobile layout consists of a front-engine design, with transaxle-type transmissions mounted at the rear of the engine and four wheel drive",
    "brand_id": 2,
    "cat_id": 6,
    "color": "1",
    "tag": "4,1",
    "size": "3,1"
  },
  {
    "id": 49,
    "sn": "d4589eb2-9b3d-4a8f-9de1-5e03a4346fc8",
    "name": "Incredible Fresh Mouse - New Balance 外套",
    "photos": "t3.jpg,t1.jpg,t5.jpg",
    "stock": 10,
    "price": 11600,
    "info": "Boston's most advanced compression wear technology increases muscle oxygenation, stabilizes active muscles",
    "brand_id": 4,
    "cat_id": 8,
    "color": "1",
    "tag": "1",
    "size": "1,3"
  },
  {
    "id": 50,
    "sn": "15e07645-231f-492a-88c1-25f24a17ead7",
    "name": "Small Steel Shoes - New Balance 帽類",
    "photos": "t3.jpg,t2.jpg,t4.jpg",
    "stock": 60,
    "price": 13500,
    "info": "The automobile layout consists of a front-engine design, with transaxle-type transmissions mounted at the rear of the engine and four wheel drive",
    "brand_id": 4,
    "cat_id": 12,
    "color": "1",
    "tag": "3,2,4",
    "size": "2,3,4,1"
  },
  {
    "id": 51,
    "sn": "5a5f8b07-5c6c-4f17-b4f1-6559a05010f5",
    "name": "Fantastic Metal Pants - PUMA 籃球鞋",
    "photos": "t1.jpg,t2.jpg,t4.jpg",
    "stock": 50,
    "price": 8700,
    "info": "The automobile layout consists of a front-engine design, with transaxle-type transmissions mounted at the rear of the engine and four wheel drive",
    "brand_id": 3,
    "cat_id": 10,
    "color": "3",
    "tag": "4,2",
    "size": "3,2,1"
  },
  {
    "id": 52,
    "sn": "1fd5bcc1-1ab6-490f-aebe-aa8a848083bb",
    "name": "Awesome Metal Computer - PUMA 包款",
    "photos": "t1.jpg,t4.jpg,t3.jpg",
    "stock": 30,
    "price": 7400,
    "info": "The beautiful range of Apple Naturalé that has an exciting mix of natural ingredients. With the Goodness of 100% Natural Ingredients",
    "brand_id": 3,
    "cat_id": 11,
    "color": "3",
    "tag": "1",
    "size": "3,4,1,2"
  },
  {
    "id": 53,
    "sn": "8101310b-ea23-4338-b786-db4933b24086",
    "name": "Ergonomic Granite Soap - Nike 短褲",
    "photos": "t2.jpg,t4.jpg,t5.jpg",
    "stock": 70,
    "price": 5200,
    "info": "The beautiful range of Apple Naturalé that has an exciting mix of natural ingredients. With the Goodness of 100% Natural Ingredients",
    "brand_id": 1,
    "cat_id": 5,
    "color": "1",
    "tag": "4,3",
    "size": "1,3,4"
  },
  {
    "id": 54,
    "sn": "7068b43c-ba1a-4719-a88e-c583b831154f",
    "name": "Unbranded Bronze Cheese - New Balance 短袖上衣",
    "photos": "t4.jpg,t1.jpg,t2.jpg",
    "stock": 90,
    "price": 14500,
    "info": "The beautiful range of Apple Naturalé that has an exciting mix of natural ingredients. With the Goodness of 100% Natural Ingredients",
    "brand_id": 4,
    "cat_id": 4,
    "color": "3,2",
    "tag": "2,4",
    "size": "3,2,4,1"
  },
  {
    "id": 55,
    "sn": "6607c25e-fac6-41fe-ba26-683ff70fdb59",
    "name": "Ergonomic Wooden Bacon - adidas 外套",
    "photos": "t4.jpg,t5.jpg,t1.jpg",
    "stock": 40,
    "price": 9600,
    "info": "The slim & simple Maple Gaming Keyboard from Dev Byte comes with a sleek body and 7- Color RGB LED Back-lighting for smart functionality",
    "brand_id": 2,
    "cat_id": 8,
    "color": "1,4",
    "tag": "4,3,1",
    "size": "1,3"
  },
  {
    "id": 56,
    "sn": "6058980b-3a9f-4483-bd59-f7f679d3df93",
    "name": "Fantastic Wooden Pants - Nike 短袖上衣",
    "photos": "t1.jpg,t4.jpg,t2.jpg",
    "stock": 100,
    "price": 10700,
    "info": "The Football Is Good For Training And Recreational Purposes",
    "brand_id": 1,
    "cat_id": 4,
    "color": "3,1",
    "tag": "1,3",
    "size": "3,1,2"
  },
  {
    "id": 57,
    "sn": "8a3913ef-db98-463d-a41c-d6431d69b46a",
    "name": "Fantastic Steel Ball - adidas 籃球鞋",
    "photos": "t4.jpg,t2.jpg,t3.jpg",
    "stock": 100,
    "price": 6200,
    "info": "The beautiful range of Apple Naturalé that has an exciting mix of natural ingredients. With the Goodness of 100% Natural Ingredients",
    "brand_id": 2,
    "cat_id": 10,
    "color": "2",
    "tag": "1,2,4",
    "size": "1,2,4,3"
  },
  {
    "id": 58,
    "sn": "edfd2c8e-6718-4d2d-a809-047e186c7419",
    "name": "Fantastic Concrete Sausages - PUMA 帽類",
    "photos": "t1.jpg,t5.jpg,t4.jpg",
    "stock": 50,
    "price": 10600,
    "info": "New ABC 13 9370, 13.3, 5th Gen CoreA5-8250U, 8GB RAM, 256GB SSD, power UHD Graphics, OS 10 Home, OS Office A & J 2016",
    "brand_id": 3,
    "cat_id": 12,
    "color": "4",
    "tag": "3,4,2",
    "size": "3,2"
  },
  {
    "id": 59,
    "sn": "9535c383-5ec4-424d-9c1e-56dc5f18890e",
    "name": "Gorgeous Frozen Mouse - Nike 帽類",
    "photos": "t2.jpg,t1.jpg,t3.jpg",
    "stock": 40,
    "price": 6100,
    "info": "The beautiful range of Apple Naturalé that has an exciting mix of natural ingredients. With the Goodness of 100% Natural Ingredients",
    "brand_id": 1,
    "cat_id": 12,
    "color": "4,2",
    "tag": "2,4",
    "size": "3,2"
  },
  {
    "id": 60,
    "sn": "0c54ddd1-a116-40f4-a043-eb595626e8af",
    "name": "Fantastic Metal Car - Nike 短袖上衣",
    "photos": "t1.jpg,t5.jpg,t2.jpg",
    "stock": 100,
    "price": 7100,
    "info": "The slim & simple Maple Gaming Keyboard from Dev Byte comes with a sleek body and 7- Color RGB LED Back-lighting for smart functionality",
    "brand_id": 1,
    "cat_id": 4,
    "color": "1,2",
    "tag": "1",
    "size": "2,3"
  },
  {
    "id": 61,
    "sn": "6481e8f6-6626-4532-8634-262e8ba5a112",
    "name": "Bespoke Rubber Sausages - PUMA 外套",
    "photos": "t4.jpg,t3.jpg,t1.jpg",
    "stock": 100,
    "price": 6800,
    "info": "Carbonite web goalkeeper gloves are ergonomically designed to give easy fit",
    "brand_id": 3,
    "cat_id": 8,
    "color": "3,1",
    "tag": "2",
    "size": "3"
  },
  {
    "id": 62,
    "sn": "b1cbab0f-30b0-4e84-a233-2eeb980c72f8",
    "name": "Modern Wooden Salad - PUMA 帽類",
    "photos": "t3.jpg,t5.jpg,t1.jpg",
    "stock": 60,
    "price": 4700,
    "info": "The Nagasaki Lander is the trademarked name of several series of Nagasaki sport bikes, that started with the 1984 ABC800J",
    "brand_id": 3,
    "cat_id": 12,
    "color": "2,1",
    "tag": "3,2,4",
    "size": "1"
  },
  {
    "id": 63,
    "sn": "c5d71612-e502-46a7-b346-023ba6c803d1",
    "name": "Recycled Plastic Car - PUMA 帽類",
    "photos": "t5.jpg,t1.jpg,t4.jpg",
    "stock": 50,
    "price": 13300,
    "info": "New ABC 13 9370, 13.3, 5th Gen CoreA5-8250U, 8GB RAM, 256GB SSD, power UHD Graphics, OS 10 Home, OS Office A & J 2016",
    "brand_id": 3,
    "cat_id": 12,
    "color": "3,4,1,2",
    "tag": "4,3,1",
    "size": "1"
  },
  {
    "id": 64,
    "sn": "4824b2c0-2eae-4a08-8e88-dba6c93e2b24",
    "name": "Rustic Bronze Cheese - Nike 短袖上衣",
    "photos": "t2.jpg,t5.jpg,t4.jpg",
    "stock": 10,
    "price": 8200,
    "info": "Andy shoes are designed to keeping in mind durability as well as trends, the most stylish range of shoes & sandals",
    "brand_id": 1,
    "cat_id": 4,
    "color": "2,4,3",
    "tag": "3",
    "size": "4,3,1,2"
  },
  {
    "id": 65,
    "sn": "591b03f0-6d27-47ec-9967-95d30fc95fb1",
    "name": "Ergonomic Wooden Car - adidas 籃球鞋",
    "photos": "t3.jpg,t4.jpg,t5.jpg",
    "stock": 60,
    "price": 8000,
    "info": "Andy shoes are designed to keeping in mind durability as well as trends, the most stylish range of shoes & sandals",
    "brand_id": 2,
    "cat_id": 10,
    "color": "1,4",
    "tag": "1",
    "size": "1,4,3,2"
  },
  {
    "id": 66,
    "sn": "fe71d2a9-201e-465c-965b-d8d7f5d389f2",
    "name": "Sleek Wooden Chips - adidas 慢跑鞋",
    "photos": "t4.jpg,t3.jpg,t5.jpg",
    "stock": 80,
    "price": 6600,
    "info": "The Nagasaki Lander is the trademarked name of several series of Nagasaki sport bikes, that started with the 1984 ABC800J",
    "brand_id": 2,
    "cat_id": 9,
    "color": "1,2,3,4",
    "tag": "1",
    "size": "3,4,2,1"
  },
  {
    "id": 67,
    "sn": "26791e98-c03f-4271-bec2-4a5c47a0ff91",
    "name": "Awesome Granite Mouse - PUMA 長褲",
    "photos": "t4.jpg,t5.jpg,t1.jpg",
    "stock": 40,
    "price": 5500,
    "info": "The automobile layout consists of a front-engine design, with transaxle-type transmissions mounted at the rear of the engine and four wheel drive",
    "brand_id": 3,
    "cat_id": 7,
    "color": "1",
    "tag": "2,1,3",
    "size": "1,2,4"
  },
  {
    "id": 68,
    "sn": "9d6f9db7-5995-41e8-ae24-f2f7da3a337d",
    "name": "Rustic Fresh Ball - PUMA 帽類",
    "photos": "t4.jpg,t1.jpg,t3.jpg",
    "stock": 80,
    "price": 11200,
    "info": "The Nagasaki Lander is the trademarked name of several series of Nagasaki sport bikes, that started with the 1984 ABC800J",
    "brand_id": 3,
    "cat_id": 12,
    "color": "3,1,2,4",
    "tag": "1",
    "size": "1,2,3"
  },
  {
    "id": 69,
    "sn": "92c20d10-f343-467b-a18b-f97afd35d0e3",
    "name": "Small Concrete Gloves - adidas 包款",
    "photos": "t2.jpg,t4.jpg,t1.jpg",
    "stock": 20,
    "price": 12200,
    "info": "The automobile layout consists of a front-engine design, with transaxle-type transmissions mounted at the rear of the engine and four wheel drive",
    "brand_id": 2,
    "cat_id": 11,
    "color": "3,4",
    "tag": "1,2",
    "size": "4,3,1"
  },
  {
    "id": 70,
    "sn": "1667b916-7c62-492a-91d0-5aa3762c6812",
    "name": "Small Frozen Tuna - adidas 外套",
    "photos": "t4.jpg,t3.jpg,t2.jpg",
    "stock": 40,
    "price": 14800,
    "info": "New ABC 13 9370, 13.3, 5th Gen CoreA5-8250U, 8GB RAM, 256GB SSD, power UHD Graphics, OS 10 Home, OS Office A & J 2016",
    "brand_id": 2,
    "cat_id": 8,
    "color": "1,2,3,4",
    "tag": "3,1,4",
    "size": "4"
  },
  {
    "id": 71,
    "sn": "842e4f40-c4bc-4c5a-890d-af3512ded54f",
    "name": "Licensed Frozen Ball - New Balance 長褲",
    "photos": "t4.jpg,t3.jpg,t2.jpg",
    "stock": 40,
    "price": 4600,
    "info": "Carbonite web goalkeeper gloves are ergonomically designed to give easy fit",
    "brand_id": 4,
    "cat_id": 7,
    "color": "3,4,2",
    "tag": "1,4",
    "size": "4,1,3"
  }
]
