[
  {
    "id": 1,
    "name": "哈利",
    "username": "herry",
    "password": "11111",
    "email": "herry@test.com",
    "avatar": "1.webp",
    "sex": "男",
    "birth_date": "1980-07-13",
    "phone": "0906102808",
    "postcode": "330",
    "address": "桃園市桃園區劉南路377號18樓"
  },
  {
    "id": 2,
    "name": "金妮",
    "username": "ginny",
    "password": "22222",
    "email": "ginny@test.com",
    "avatar": "",
    "sex": "女",
    "birth_date": "1981-08-11",
    "phone": "0946840920",
    "postcode": "882",
    "address": "澎湖縣望安鄉高東路305號19樓"
  },
  {
    "id": 3,
    "name": "妙麗",
    "username": "mione",
    "password": "33333",
    "email": "mione@test.com",
    "avatar": "",
    "sex": "女",
    "birth_date": "1979-09-19",
    "phone": "0912541534",
    "postcode": "511",
    "address": "彰化縣社頭鄉趙南路295號15樓"
  }
]
